ID;Date;Amount;SumS
39296;27.02.2025;14;5 765
13450;14.02.2025;15;2 288
32666;02.02.2025;3;1 383
38815;17.02.2025;3;1 009
36296;21.02.2025;39;3 837
39032;16.02.2025;3;1 206
21995;17.02.2025;8;1 036
27895;03.02.2025;1;200
40343;13.02.2025;1;125
39186;28.02.2025;10;9 409
37935;20.02.2025;3;1 428
40220;27.02.2025;25;5 141
17331;17.02.2025;46;7 291
40220;10.02.2025;4;827
32214;09.02.2025;4;1 444
36295;17.02.2025;15;1 867
39976;21.02.2025;11;4 945
17328;02.02.2025;1;164
36072;28.02.2025;1;2 571
39031;13.02.2025;29;11 290
38699;28.02.2025;14;7 223
39176;02.02.2025;6;1 208
39175;10.02.2025;18;3 237
39187;03.02.2025;3;1 254
38785;13.02.2025;17;6 791
1805;02.02.2025;7;3 604
37477;20.02.2025;8;2 364
11007;21.02.2025;22;12 941
40217;10.02.2025;10;1 988
9423;15.02.2025;70;9 257
8675;21.02.2025;1;133
39713;02.02.2025;48;6 111
39187;20.02.2025;31;13 147
39061;17.02.2025;7;19 548
39717;21.02.2025;101;12 776
37732;28.02.2025;4;1 680
30902;09.02.2025;6;2 397
37964;21.02.2025;22;9 339
22219;09.02.2025;6;1 112
31592;03.02.2025;11;1 897
32666;28.02.2025;1;370
38767;10.02.2025;1;272
17333;13.02.2025;69;10 655
35575;01.02.2025;5;3 710
17328;28.02.2025;11;3 236
37996;21.02.2025;1;200
22217;28.02.2025;108;17 769
37887;16.02.2025;1;274
36557;13.02.2025;18;5 437
38538;09.02.2025;1;467
37042;20.02.2025;6;436
38645;09.02.2025;10;4 450
37998;20.02.2025;13;3 361
33419;10.02.2025;21;2 614
4295;14.02.2025;3;1 274
39826;17.02.2025;8;2 596
39248;14.02.2025;1;274
40052;22.02.2025;3;599
8673;16.02.2025;42;5 439
37996;15.02.2025;3;599
32215;10.02.2025;25;4 112
39230;15.02.2025;32;11 581
39185;27.02.2025;11;4 513
37735;02.02.2025;14;1 813
39031;16.02.2025;11;4 119
17333;16.02.2025;27;4 449
38235;14.02.2025;1;425
37176;09.02.2025;3;1 927
39348;17.02.2025;1;190
35756;28.02.2025;17;5 821
37474;13.02.2025;1;200
38918;09.02.2025;1;338
5884;14.02.2025;34;10 353
31419;13.02.2025;41;12 501
39705;17.02.2025;1;129
39230;21.02.2025;43;14 665
38815;14.02.2025;10;4 186
37890;28.02.2025;8;9 341
31420;14.02.2025;15;4 492
9429;03.02.2025;10;1 281
24752;10.02.2025;77;13 017
31167;14.02.2025;1;152
9423;09.02.2025;8;1 124
32823;09.02.2025;1;103
32215;27.02.2025;14;2 236
35777;09.02.2025;1;317
37932;10.02.2025;1;274
13449;27.02.2025;64;8 371
17358;21.02.2025;1;164
37998;17.02.2025;3;598
39709;14.02.2025;24;2 962
30622;14.02.2025;3;1 725
39186;02.02.2025;3;1 235
33088;17.02.2025;3;389
37042;03.02.2025;25;1 786
35309;03.02.2025;10;2 476
36714;21.02.2025;1;365
39345;03.02.2025;11;2 217
40340;03.02.2025;1;146
31420;28.02.2025;15;7 760
39976;15.02.2025;3;1 533
40051;27.02.2025;24;4 927
36783;21.02.2025;15;7 868
38816;09.02.2025;10;3 245
38235;17.02.2025;6;2 547
9429;20.02.2025;31;4 155
40219;03.02.2025;1;170
39705;20.02.2025;8;1 147
39082;16.02.2025;11;1 830
39027;27.02.2025;1;549
30737;27.02.2025;10;4 013
40052;02.02.2025;7;1 397
39178;21.02.2025;1;215
17331;20.02.2025;31;5 178
34245;10.02.2025;22;9 842
32822;20.02.2025;1;100
36297;16.02.2025;13;1 254
35575;09.02.2025;30;20 340
33886;13.02.2025;18;1 810
37125;09.02.2025;1;99
38783;20.02.2025;24;9 588
36557;10.02.2025;8;2 782
37964;27.02.2025;1;431
39294;09.02.2025;3;1 577
39032;13.02.2025;13;4 868
38981;13.02.2025;1;214
37076;27.02.2025;21;2 142
37222;14.02.2025;4;2 014
37998;14.02.2025;4;798
32826;28.02.2025;161;16 244
37222;20.02.2025;15;5 688
39295;03.02.2025;13;5 264
17355;27.02.2025;25;4 183
32824;15.02.2025;6;641
35575;11.02.2025;10;8 990
31592;09.02.2025;52;8 749
34246;02.02.2025;3;1 729
32830;20.02.2025;4;398
36334;21.02.2025;18;7 208
19251;13.02.2025;11;4 318
24609;13.02.2025;41;18 024
37472;14.02.2025;4;798
40340;20.02.2025;7;1 475
40049;02.02.2025;7;1 397
38700;17.02.2025;10;4 995
40050;20.02.2025;11;2 498
39512;27.02.2025;17;3 378
11941;20.02.2025;3;1 648
17353;17.02.2025;15;2 467
39029;03.02.2025;4;1 121
38266;16.02.2025;4;398
39348;20.02.2025;11;2 598
3841;03.02.2025;7;744
37272;20.02.2025;4;1 907
37176;03.02.2025;10;5 761
37733;09.02.2025;73;7 030
22223;14.02.2025;11;2 251
39717;15.02.2025;169;21 524
1446;20.02.2025;1;575
32823;15.02.2025;1;106
34383;09.02.2025;3;368
38208;10.02.2025;14;2 434
39827;15.02.2025;10;3 995
30736;09.02.2025;4;2 223
39171;13.02.2025;8;3 596
39607;16.02.2025;6;1 357
33889;21.02.2025;43;4 136
36070;13.02.2025;6;15 426
32828;27.02.2025;28;2 871
38785;10.02.2025;10;3 982
39295;20.02.2025;6;2 554
33887;27.02.2025;1;100
38646;15.02.2025;1;451
17357;09.02.2025;6;1 112
40217;16.02.2025;1;200
36780;28.02.2025;24;12 538
17356;14.02.2025;14;2 459
35575;12.02.2025;19;12 559
30734;15.02.2025;29;8 759
17355;10.02.2025;24;3 973
39082;13.02.2025;4;658
36071;13.02.2025;8;20 569
40217;13.02.2025;24;4 725
17331;14.02.2025;56;9 059
31419;16.02.2025;1;300
36295;20.02.2025;4;498
27867;21.02.2025;24;9 640
39033;28.02.2025;14;9 992
34620;27.02.2025;31;4 690
22220;21.02.2025;14;2 303
17358;27.02.2025;14;2 374
38767;13.02.2025;1;272
30902;15.02.2025;29;12 060
40499;21.02.2025;53;5 483
32215;13.02.2025;49;7 870
17357;20.02.2025;18;2 873
9432;13.02.2025;3;389
1446;03.02.2025;3;1 648
32666;22.02.2025;1;400
39232;10.02.2025;4;1 398
35466;09.02.2025;4;958
35427;28.02.2025;29;8 810
38267;14.02.2025;1;100
11941;03.02.2025;10;4 837
39709;17.02.2025;15;1 946
38700;20.02.2025;8;3 996
35575;10.02.2025;17;13 957
35575;02.02.2025;15;12 030
36298;14.02.2025;10;970
40050;03.02.2025;11;2 194
39231;09.02.2025;3;1 123
39183;28.02.2025;3;1 018
17353;14.02.2025;7;1 601
37993;27.02.2025;48;7 967
38919;21.02.2025;10;3 270
13449;10.02.2025;35;4 539
40496;21.02.2025;1;403
40217;27.02.2025;31;6 344
39029;09.02.2025;3;875
24609;02.02.2025;3;1 469
13450;22.02.2025;1;130
35575;03.02.2025;10;7 230
37886;28.02.2025;11;3 542
33886;10.02.2025;25;2 399
38783;17.02.2025;1;430
37993;21.02.2025;1;164
35440;21.02.2025;1;140
35575;27.02.2025;11;7 359
37478;21.02.2025;1;250
39527;22.02.2025;3;1 199
40049;28.02.2025;28;6 196
22223;17.02.2025;18;2 961
37934;09.02.2025;3;1 051
17353;03.02.2025;6;1 067
40049;17.02.2025;14;2 793
37930;17.02.2025;1;274
34621;28.02.2025;11;1 561
30737;16.02.2025;1;400
39233;02.02.2025;6;2 247
35515;16.02.2025;1;515
37733;20.02.2025;22;2 215
40051;21.02.2025;14;2 578
17356;28.02.2025;42;7 454
38919;10.02.2025;3;1 049
36333;15.02.2025;1;381
34621;02.02.2025;14;1 953
35433;02.02.2025;14;1 981
39233;28.02.2025;1;375
37733;03.02.2025;32;3 141
39607;13.02.2025;21;4 479
39826;14.02.2025;3;1 647
39527;10.02.2025;4;1 770
35466;15.02.2025;3;752
39034;15.02.2025;14;5 267
39176;28.02.2025;7;1 278
32822;03.02.2025;3;335
39248;03.02.2025;11;3 019
40052;13.02.2025;101;20 270
39713;14.02.2025;22;2 739
37735;16.02.2025;17;2 228
35575;04.05.2025;14;11 046
17357;03.02.2025;3;554
38209;02.02.2025;14;2 443
40339;14.02.2025;4;728
39066;20.02.2025;8;2 797
39695;10.02.2025;4;1 848
39607;27.02.2025;27;6 015
36782;09.02.2025;6;3 576
38234;13.02.2025;25;10 613
38785;16.02.2025;1;400
35308;15.02.2025;1;381
39512;21.02.2025;3;700
40052;10.02.2025;11;2 401
32214;21.02.2025;3;974
35216;28.02.2025;1;524
17355;16.02.2025;7;1 091
37272;14.02.2025;1;425
38814;02.02.2025;3;1 089
35309;15.02.2025;4;1 076
38267;03.02.2025;17;1 691
39703;15.02.2025;4;558
11941;09.02.2025;55;27 711
40050;09.02.2025;1;200
35575;21.02.2025;56;33 432
22217;20.02.2025;31;5 121
35433;28.02.2025;4;1 128
39527;13.02.2025;7;2 796
13449;16.02.2025;66;8 547
37125;21.02.2025;28;2 786
37472;28.02.2025;3;626
38266;27.02.2025;10;1 135
39296;21.02.2025;27;10 277
39717;09.02.2025;46;5 880
37930;14.02.2025;3;1 394
13450;28.02.2025;14;2 304
3841;15.02.2025;7;879
5884;17.02.2025;20;6 089
39694;13.02.2025;4;1 998
39032;22.02.2025;11;4 120
37042;14.02.2025;4;308
36297;27.02.2025;27;2 801
38816;15.02.2025;10;3 074
30902;21.02.2025;18;7 191
39026;09.02.2025;13;7 534
33889;10.02.2025;90;9 488
37966;09.02.2025;3;1 401
39232;16.02.2025;6;2 145
38234;16.02.2025;1;425
8673;22.02.2025;1;130
4295;20.02.2025;6;2 674
39348;03.02.2025;8;1 535
40049;14.02.2025;10;2 390
40220;16.02.2025;1;200
22220;27.02.2025;31;5 103
39174;13.02.2025;78;13 610
27867;15.02.2025;3;1 199
39230;27.02.2025;7;2 522
3613;02.02.2025;6;862
21995;20.02.2025;25;3 513
30734;21.02.2025;43;13 658
27861;03.02.2025;13;5 107
39061;09.02.2025;11;30 719
34621;22.02.2025;21;2 930
34620;13.02.2025;8;1 262
1805;13.02.2025;63;30 957
39030;27.02.2025;10;4 376
40220;13.02.2025;7;1 396
33419;13.02.2025;15;1 843
39231;15.02.2025;281;95 843
17353;20.02.2025;10;1 790
37476;28.02.2025;1;315
37884;09.02.2025;4;1 222
37991;09.02.2025;3;955
37993;10.02.2025;7;1 159
38700;09.02.2025;3;1 752
17357;17.02.2025;17;2 814
34383;17.02.2025;9;2 062
36295;03.02.2025;27;3 123
33887;10.02.2025;3;298
40787;10.02.2025;28;13 986
39187;14.02.2025;1;400
39185;21.02.2025;34;13 073
33886;22.02.2025;3;298
13450;02.02.2025;7;934
39232;13.02.2025;28;9 382
8673;10.02.2025;41;5 329
39347;28.02.2025;7;1 388
37884;20.02.2025;15;4 371
36334;13.02.2025;35;14 447
32828;15.02.2025;73;7 285
40500;13.02.2025;63;6 773
39027;15.02.2025;1;583
13449;13.02.2025;31;4 176
37996;09.02.2025;4;798
38919;27.02.2025;17;6 124
24752;16.02.2025;1;180
31419;02.02.2025;3;1 037
39345;17.02.2025;3;569
17354;21.02.2025;21;3 476
39082;10.02.2025;49;8 475
8673;13.02.2025;21;3 012
1805;16.02.2025;8;3 996
39082;27.02.2025;17;2 868
31592;15.02.2025;71;11 728
9429;09.02.2025;7;999
9423;21.02.2025;66;8 768
38815;20.02.2025;13;4 784
30737;13.02.2025;15;6 026
40342;27.02.2025;1;125
17358;15.02.2025;29;4 802
40052;16.02.2025;3;598
17333;27.02.2025;27;4 513
17355;13.02.2025;3;493
40787;27.02.2025;24;12 096
39030;10.02.2025;14;6 007
35440;09.02.2025;8;1 302
39696;09.02.2025;3;1 752
39976;27.02.2025;1;426
32666;14.02.2025;1;400
32215;16.02.2025;3;493
36334;27.02.2025;17;6 896
37885;15.02.2025;6;1 570
34620;28.02.2025;24;3 393
38817;21.02.2025;10;2 772
37964;15.02.2025;11;4 670
36334;10.02.2025;4;1 770
36783;27.02.2025;6;3 297
37176;15.02.2025;1;583
39033;20.02.2025;3;1 483
17333;10.02.2025;34;5 575
40500;10.02.2025;38;3 793
34245;16.02.2025;6;2 780
17360;28.02.2025;20;4 461
40342;10.02.2025;3;374
32824;21.02.2025;38;3 571
38918;14.02.2025;3;869
40342;13.02.2025;6;747
39171;28.02.2025;3;3 330
35428;20.02.2025;8;1 077
38538;14.02.2025;1;400
38699;20.02.2025;10;4 366
33088;03.02.2025;3;406
39713;10.02.2025;14;1 736
17360;27.02.2025;21;3 525
32822;02.02.2025;7;718
39717;16.02.2025;91;11 526
3612;22.02.2025;25;3 198
35575;22.02.2025;14;9 310
39175;13.02.2025;118;20 075
38235;28.02.2025;1;425
35428;03.02.2025;10;1 330
37993;16.02.2025;8;1 336
40052;17.02.2025;20;3 990
38700;15.02.2025;49;24 431
32823;14.02.2025;7;913
39713;27.02.2025;50;6 560
39231;27.02.2025;21;7 864
36783;09.02.2025;3;1 648
36296;16.02.2025;63;6 182
17353;15.02.2025;11;1 848
40787;16.02.2025;70;35 008
31592;28.02.2025;76;13 677
39607;14.02.2025;4;1 312
38983;17.02.2025;1;375
32666;20.02.2025;7;2 782
33419;15.02.2025;11;1 567
39176;20.02.2025;8;1 654
36557;16.02.2025;20;6 504
37076;21.02.2025;28;2 799
33888;21.02.2025;1;109
32824;10.02.2025;34;3 572
39232;02.02.2025;27;9 482
39061;22.02.2025;13;36 304
39696;28.02.2025;22;12 895
37886;10.02.2025;8;2 188
39030;03.02.2025;10;4 395
40051;22.02.2025;1;200
30734;17.02.2025;21;6 289
19251;14.02.2025;3;1 851
38209;03.02.2025;10;1 768
13449;02.02.2025;7;934
40217;28.02.2025;24;7 951
39185;02.02.2025;13;5 407
32823;17.02.2025;1;100
38767;15.02.2025;1;298
37884;21.02.2025;6;1 755
17354;27.02.2025;29;5 260
40339;13.02.2025;1;125
33088;09.02.2025;3;389
34245;22.02.2025;8;3 596
35466;14.02.2025;1;405
38816;17.02.2025;6;1 822
1446;21.02.2025;1;495
39033;09.02.2025;6;2 946
37733;27.02.2025;27;2 717
39294;21.02.2025;10;4 495
38814;09.02.2025;3;1 103
37470;28.02.2025;4;2 198
39026;15.02.2025;8;4 327
11941;15.02.2025;43;23 727
39032;14.02.2025;4;1 613
31592;14.02.2025;13;2 698
5884;09.02.2025;13;3 893
37935;28.02.2025;22;8 658
30736;27.02.2025;1;500
38983;14.02.2025;1;634
38266;28.02.2025;7;1 213
39827;10.02.2025;3;1 199
34383;27.02.2025;3;413
11941;21.02.2025;17;8 491
38234;14.02.2025;3;1 714
13449;22.02.2025;1;130
17358;16.02.2025;29;4 725
39175;02.02.2025;6;1 208
30902;17.02.2025;7;2 796
33886;15.02.2025;141;14 030
39233;09.02.2025;3;1 314
30902;20.02.2025;15;6 797
36714;13.02.2025;11;4 318
17356;03.02.2025;14;2 368
35935;09.02.2025;7;705
8673;14.02.2025;90;11 776
38981;28.02.2025;6;1 503
38646;27.02.2025;3;1 371
34245;02.02.2025;7;3 243
17353;09.02.2025;6;1 112
36557;28.02.2025;50;17 281
38919;09.02.2025;3;1 226
37222;09.02.2025;6;2 154
37964;16.02.2025;1;425
39695;14.02.2025;3;2 536
39231;10.02.2025;52;19 474
35308;28.02.2025;1;524
39031;21.02.2025;10;3 794
38785;15.02.2025;1;424
38817;27.02.2025;3;869
40050;15.02.2025;28;5 590
39694;17.02.2025;1;500
39705;02.02.2025;14;1 953
39173;14.02.2025;1;174
32823;20.02.2025;3;324
35515;28.02.2025;31;14 002
38267;02.02.2025;28;2 786
34620;02.02.2025;56;10 066
40049;03.02.2025;7;1 396
39034;21.02.2025;20;7 329
39248;09.02.2025;3;963
37476;20.02.2025;8;2 364
36782;13.02.2025;13;7 498
32824;27.02.2025;294;30 921
38234;17.02.2025;3;1 274
30737;22.02.2025;14;5 593
33089;13.02.2025;7;839
31420;03.02.2025;3;1 009
40219;21.02.2025;3;608
39347;27.02.2025;17;3 378
1446;15.02.2025;1;600
39703;13.02.2025;4;558
37885;16.02.2025;1;274
38482;28.02.2025;6;3 025
4295;09.02.2025;7;3 173
4295;03.02.2025;8;3 354
17357;21.02.2025;4;678
35756;03.02.2025;1;295
17355;02.02.2025;29;4 910
37042;15.02.2025;4;342
39527;14.02.2025;4;2 336
40220;09.02.2025;108;21 555
37474;15.02.2025;3;599
40049;20.02.2025;10;2 359
38645;27.02.2025;11;4 759
24609;28.02.2025;6;2 988
37733;21.02.2025;41;4 028
39082;14.02.2025;13;2 603
34383;21.02.2025;1;123
39082;28.02.2025;45;8 043
39826;09.02.2025;4;1 444
36297;14.02.2025;1;103
37934;14.02.2025;1;300
1805;20.02.2025;6;3 354
17328;10.02.2025;3;475
37993;02.02.2025;11;1 809
37472;03.02.2025;4;859
35433;03.02.2025;8;994
39176;17.02.2025;1;174
11007;13.02.2025;22;13 189
39232;28.02.2025;36;18 988
39694;28.02.2025;8;3 996
37885;13.02.2025;24;7 256
34621;09.02.2025;11;1 697
37887;27.02.2025;8;2 252
40051;02.02.2025;8;1 330
37930;03.02.2025;1;274
37477;21.02.2025;1;250
32214;13.02.2025;21;7 234
22220;22.02.2025;17;2 796
37272;15.02.2025;14;5 980
8673;17.02.2025;13;1 698
39032;28.02.2025;27;10 488
39032;20.02.2025;6;2 454
17357;15.02.2025;59;9 798
39709;20.02.2025;41;5 240
13449;14.02.2025;11;1 701
35308;20.02.2025;10;3 660
36782;10.02.2025;1;609
38208;28.02.2025;6;2 288
39696;14.02.2025;1;845
17331;21.02.2025;43;7 094
33886;21.02.2025;34;3 193
36298;17.02.2025;6;567
40219;15.02.2025;56;11 288
39527;17.02.2025;8;3 237
36295;15.02.2025;1;142
22220;16.02.2025;4;658
30622;09.02.2025;6;3 576
35575;13.02.2025;32;28 896
37176;27.02.2025;7;3 965
31419;17.02.2025;14;4 193
36295;21.02.2025;4;508
39295;01.02.2025;4;1 598
30737;28.02.2025;7;2 796
39175;28.02.2025;20;7 720
39233;20.02.2025;8;3 549
8673;28.02.2025;11;1 561
34246;09.02.2025;4;2 223
37179;09.02.2025;1;451
33088;21.02.2025;6;719
39173;03.02.2025;3;548
6006;15.02.2025;46;9 194
32215;14.02.2025;14;2 342
33889;02.02.2025;7;718
34245;14.02.2025;3;1 348
35309;27.02.2025;3;718
17360;10.02.2025;32;5 229
3841;14.02.2025;10;1 327
36333;10.02.2025;6;1 857
32828;13.02.2025;29;3 107
36782;27.02.2025;17;9 461
37470;17.02.2025;11;6 162
36299;28.02.2025;43;4 397
37474;21.02.2025;1;200
39034;10.02.2025;39;14 874
40049;09.02.2025;6;1 197
37470;20.02.2025;3;1 674
3613;03.02.2025;1;134
39027;10.02.2025;38;20 881
32826;20.02.2025;8;796
32214;27.02.2025;1;325
22223;20.02.2025;18;3 215
38918;17.02.2025;1;290
39345;15.02.2025;29;5 240
35216;20.02.2025;4;1 467
36780;17.02.2025;3;1 199
36557;14.02.2025;10;3 288
39294;13.02.2025;27;12 618
30734;09.02.2025;6;1 963
38538;20.02.2025;1;467
40339;16.02.2025;14;1 743
37472;09.02.2025;4;798
22219;21.02.2025;28;4 606
35433;09.02.2025;15;1 981
37966;28.02.2025;11;7 995
32215;28.02.2025;38;6 728
34245;28.02.2025;29;13 045
17333;02.02.2025;7;1 187
13450;09.02.2025;10;1 389
39230;13.02.2025;39;13 303
39295;15.02.2025;21;8 451
22223;09.02.2025;8;1 427
37300;28.02.2025;6;4 443
35515;17.02.2025;13;5 843
39027;13.02.2025;6;3 297
22223;03.02.2025;7;1 212
39827;13.02.2025;67;26 835
31419;14.02.2025;3;1 078
39512;13.02.2025;36;7 226
40220;21.02.2025;3;608
33418;20.02.2025;1;146
33419;21.02.2025;8;1 188
40050;27.02.2025;24;4 927
40052;28.02.2025;18;3 812
17360;16.02.2025;6;1 010
39348;28.02.2025;13;4 147
35402;09.02.2025;1;375
35433;20.02.2025;3;430
39248;15.02.2025;4;1 639
35440;27.02.2025;18;2 588
39347;10.02.2025;1;190
38646;10.02.2025;7;3 035
39186;17.02.2025;8;3 237
39033;03.02.2025;8;3 596
37935;14.02.2025;3;1 137
37045;28.02.2025;3;735
30736;13.02.2025;24;12 086
39232;14.02.2025;6;2 944
22220;02.02.2025;25;4 112
40343;20.02.2025;7;1 475
35448;15.02.2025;42;3 617
38917;28.02.2025;3;1 499
31592;17.02.2025;32;5 264
38266;02.02.2025;28;2 786
39030;15.02.2025;21;8 951
38209;17.02.2025;6;1 047
37887;10.02.2025;13;3 559
39827;27.02.2025;18;7 531
32826;17.02.2025;7;771
38917;14.02.2025;1;845
36780;14.02.2025;4;1 721
37272;09.02.2025;3;1 489
39033;15.02.2025;3;1 452
3841;17.02.2025;18;2 241
17358;10.02.2025;34;6 364
37042;09.02.2025;8;556
39082;02.02.2025;20;3 435
37222;21.02.2025;3;930
24609;20.02.2025;7;3 419
36296;10.02.2025;21;2 188
33418;03.02.2025;14;1 718
39026;27.02.2025;11;6 219
36069;09.02.2025;1;1 221
37176;10.02.2025;14;7 758
40500;28.02.2025;38;4 415
37076;16.02.2025;1;115
33887;15.02.2025;70;6 965
34621;20.02.2025;25;3 687
36296;13.02.2025;281;25 710
19251;20.02.2025;8;3 454
38816;20.02.2025;4;1 365
39030;09.02.2025;3;1 489
39171;03.02.2025;10;4 495
39295;10.02.2025;1;443
30736;10.02.2025;32;16 208
40496;13.02.2025;25;9 574
32830;17.02.2025;8;867
37930;09.02.2025;3;963
38269;03.02.2025;17;1 541
27861;28.02.2025;11;4 394
39296;13.02.2025;76;30 840
13450;20.02.2025;17;2 275
39230;02.02.2025;11;3 889
37733;16.02.2025;11;1 209
34245;17.02.2025;10;4 495
37884;13.02.2025;27;8 084
37966;17.02.2025;7;2 796
38699;03.02.2025;7;2 840
31167;15.02.2025;6;888
37076;13.02.2025;7;604
30622;20.02.2025;8;4 396
37470;14.02.2025;7;4 154
34246;03.02.2025;8;3 996
40052;09.02.2025;6;1 197
37964;13.02.2025;34;14 433
17355;28.02.2025;27;6 331
39183;09.02.2025;1;325
38235;03.02.2025;1;425
32828;10.02.2025;64;6 379
37472;17.02.2025;3;598
34621;03.02.2025;29;4 200
40051;13.02.2025;113;22 346
32824;13.02.2025;48;5 011
39182;21.02.2025;1;250
39347;13.02.2025;32;6 469
39709;03.02.2025;3;391
39171;22.02.2025;1;449
38783;28.02.2025;3;2 940
19251;17.02.2025;1;365
39607;28.02.2025;24;7 865
36070;27.02.2025;1;2 571
3612;28.02.2025;91;11 332
37930;15.02.2025;3;957
39029;17.02.2025;20;5 017
40500;22.02.2025;7;696
17358;13.02.2025;41;6 543
13450;03.02.2025;8;1 036
21995;28.02.2025;112;14 602
22220;28.02.2025;27;5 445
27867;27.02.2025;7;2 814
39231;16.02.2025;22;8 318
35216;03.02.2025;1;310
37733;15.02.2025;213;20 045
38783;14.02.2025;1;400
39295;13.02.2025;36;15 097
37177;17.02.2025;6;3 360
39182;15.02.2025;17;4 242
24752;28.02.2025;14;2 523
36071;17.02.2025;1;2 571
35428;09.02.2025;8;981
34620;14.02.2025;4;575
40787;22.02.2025;34;17 157
32822;10.02.2025;3;298
36298;21.02.2025;14;1 323
39082;03.02.2025;3;493
39032;03.02.2025;13;5 028
40050;13.02.2025;55;10 773
34620;17.02.2025;1;129
37222;10.02.2025;7;2 411
39176;15.02.2025;6;1 216
30622;27.02.2025;8;4 509
36295;27.02.2025;3;419
27867;28.02.2025;22;10 385
19251;09.02.2025;3;1 279
36295;10.02.2025;15;1 920
38817;02.02.2025;3;1 002
39713;13.02.2025;116;14 442
35448;09.02.2025;7;705
30622;03.02.2025;1;549
37888;28.02.2025;1;1 230
39248;01.02.2025;7;1 921
37885;27.02.2025;7;1 981
31419;20.02.2025;11;3 548
37998;28.02.2025;4;847
22219;27.02.2025;25;4 049
39186;14.02.2025;1;400
37472;20.02.2025;25;5 793
24752;14.02.2025;17;2 796
39512;20.02.2025;25;5 458
37471;03.02.2025;3;622
38813;09.02.2025;3;1 103
17354;22.02.2025;18;2 961
39031;27.02.2025;11;4 294
27850;22.02.2025;1;190
39183;15.02.2025;1;354
40342;22.02.2025;4;498
5884;15.02.2025;34;10 149
17328;15.02.2025;15;2 792
37735;28.02.2025;7;1 144
22219;10.02.2025;27;4 783
40499;15.02.2025;17;1 862
33467;14.02.2025;3;1 379
37966;10.02.2025;4;1 598
22223;27.02.2025;24;4 019
37474;27.02.2025;21;4 344
17328;16.02.2025;3;493
40051;17.02.2025;13;2 593
37179;10.02.2025;1;386
37478;28.02.2025;1;315
31592;16.02.2025;87;14 428
17355;20.02.2025;38;6 176
39026;13.02.2025;32;18 572
39709;27.02.2025;15;2 079
34620;20.02.2025;18;2 710
37966;13.02.2025;11;4 462
39713;15.02.2025;21;2 614
39186;15.02.2025;7;2 865
40340;10.02.2025;1;125
40339;22.02.2025;14;1 743
38482;17.02.2025;7;2 621
32829;28.02.2025;4;776
3841;20.02.2025;22;2 739
38267;28.02.2025;10;1 938
33886;27.02.2025;262;27 169
1446;10.02.2025;7;3 846
39175;20.02.2025;8;1 654
9429;13.02.2025;41;5 632
36296;14.02.2025;4;383
39029;16.02.2025;1;250
39296;14.02.2025;3;1 337
37885;14.02.2025;1;274
30736;02.02.2025;1;500
39031;03.02.2025;4;1 522
11941;13.02.2025;29;13 764
17353;10.02.2025;11;1 809
17354;02.02.2025;50;8 365
22217;21.02.2025;1;164
24752;17.02.2025;20;3 290
38267;27.02.2025;6;675
17355;17.02.2025;49;7 784
39231;22.02.2025;22;8 366
8673;09.02.2025;8;1 124
37470;13.02.2025;28;15 729
40787;21.02.2025;27;13 487
39034;03.02.2025;20;7 491
36783;15.02.2025;4;2 288
39696;17.02.2025;1;500
39187;27.02.2025;10;4 118
37884;16.02.2025;3;884
39026;10.02.2025;3;1 648
38815;01.02.2025;4;1 398
36307;09.02.2025;1;3 925
27850;09.02.2025;1;190
37885;28.02.2025;3;1 394
38981;03.02.2025;3;665
38266;03.02.2025;14;1 393
38538;16.02.2025;1;400
39029;20.02.2025;3;875
32823;03.02.2025;13;1 318
34245;20.02.2025;4;1 918
39187;13.02.2025;4;1 598
37735;20.02.2025;1;151
39233;15.02.2025;3;1 132
8675;28.02.2025;45;6 080
35440;28.02.2025;8;1 529
37996;28.02.2025;4;835
39232;27.02.2025;8;2 939
38482;03.02.2025;11;4 119
33419;27.02.2025;1;140
35309;02.02.2025;7;1 728
39173;28.02.2025;6;1 107
39082;20.02.2025;63;10 469
39709;15.02.2025;27;3 348
17353;16.02.2025;4;658
40219;10.02.2025;13;2 538
30737;14.02.2025;7;2 796
37471;20.02.2025;13;3 361
3613;21.02.2025;28;3 540
31419;09.02.2025;3;1 051
17333;22.02.2025;27;4 441
40220;17.02.2025;18;3 591
38208;17.02.2025;6;1 047
27861;27.02.2025;11;4 394
37471;09.02.2025;3;598
38235;21.02.2025;4;1 698
38817;28.02.2025;6;1 737
39061;28.02.2025;8;22 341
30736;16.02.2025;1;500
13450;17.02.2025;4;518
9429;14.02.2025;20;2 895
38816;03.02.2025;4;1 238
34620;10.02.2025;14;2 253
40500;27.02.2025;273;28 155
37966;03.02.2025;7;2 796
32830;10.02.2025;29;2 875
38816;16.02.2025;4;1 298
36782;28.02.2025;7;3 846
1805;09.02.2025;14;7 337
21995;10.02.2025;1;130
39032;09.02.2025;10;3 926
39703;02.02.2025;14;1 953
33092;28.02.2025;7;2 268
38646;09.02.2025;6;2 782
36333;09.02.2025;1;362
38699;02.02.2025;10;4 432
37930;28.02.2025;3;1 394
32824;16.02.2025;11;1 003
39034;16.02.2025;1;375
39703;21.02.2025;15;1 950
37471;13.02.2025;1;200
38266;13.02.2025;74;7 841
13449;17.02.2025;28;3 821
31419;03.02.2025;10;2 838
3841;13.02.2025;91;11 226
24609;03.02.2025;13;5 840
35428;27.02.2025;3;413
31419;15.02.2025;31;9 095
32822;14.02.2025;6;510
34245;13.02.2025;41;18 991
36299;20.02.2025;14;1 404
39709;28.02.2025;67;9 039
31420;17.02.2025;14;4 193
9423;02.02.2025;8;1 063
32824;22.02.2025;13;1 294
37932;17.02.2025;4;1 098
40496;17.02.2025;8;2 796
32830;13.02.2025;11;1 020
38815;21.02.2025;3;1 290
33089;28.02.2025;14;3 583
36714;28.02.2025;1;617
17333;17.02.2025;27;4 161
4295;10.02.2025;7;2 972
37042;21.02.2025;7;438
40500;20.02.2025;13;1 331
32215;09.02.2025;4;658
37125;28.02.2025;11;1 305
37474;20.02.2025;13;3 361
22219;13.02.2025;46;7 472
35428;15.02.2025;4;604
38700;27.02.2025;13;6 838
32215;17.02.2025;22;3 619
8673;03.02.2025;13;1 740
38646;13.02.2025;6;2 547
40339;27.02.2025;6;747
39248;10.02.2025;3;823
38002;09.02.2025;1;295
39027;21.02.2025;11;6 044
34620;09.02.2025;7;1 142
36071;09.02.2025;1;1 221
38816;28.02.2025;7;2 166
11941;02.02.2025;7;3 776
39033;10.02.2025;14;6 709
38266;14.02.2025;1;100
31592;22.02.2025;31;5 099
36783;20.02.2025;4;2 198
17354;14.02.2025;11;1 938
38981;20.02.2025;10;3 192
35575;28.02.2025;75;50 850
39183;10.02.2025;3;974
38919;03.02.2025;3;1 113
35067;16.02.2025;1;85
39703;28.02.2025;13;2 261
33088;13.02.2025;17;2 152
35309;28.02.2025;6;1 769
39695;03.02.2025;1;523
39348;09.02.2025;1;219
40343;22.02.2025;4;498
35402;27.02.2025;6;2 247
30736;15.02.2025;24;12 541
36069;28.02.2025;3;4 218
11007;14.02.2025;1;599
40052;20.02.2025;11;2 545
39030;14.02.2025;4;1 829
37884;27.02.2025;8;2 252
39827;28.02.2025;13;5 398
22220;17.02.2025;31;4 786
36296;22.02.2025;39;3 787
37733;13.02.2025;227;21 394
17360;09.02.2025;7;1 268
17333;03.02.2025;11;1 856
39347;21.02.2025;3;700
37932;14.02.2025;3;1 394
33419;03.02.2025;17;2 194
39066;13.02.2025;15;4 024
37934;28.02.2025;4;2 960
39607;17.02.2025;11;2 470
22217;27.02.2025;95;16 387
17356;02.02.2025;6;1 139
38266;10.02.2025;6;588
39033;17.02.2025;10;4 495
34383;03.02.2025;7;858
1446;09.02.2025;6;3 703
38208;16.02.2025;3;523
11007;22.02.2025;1;599
39029;02.02.2025;3;864
32824;14.02.2025;7;936
31167;10.02.2025;1;182
38917;03.02.2025;3;1 533
38815;13.02.2025;24;8 972
32828;28.02.2025;11;1 852
39827;14.02.2025;4;1 688
36072;27.02.2025;1;2 089
40217;17.02.2025;17;3 391
17357;10.02.2025;22;3 643
37887;15.02.2025;7;1 903
37477;28.02.2025;1;315
35428;28.02.2025;17;5 328
39713;28.02.2025;62;8 306
38700;28.02.2025;13;6 494
39176;10.02.2025;7;1 325
33889;20.02.2025;24;2 322
37991;28.02.2025;6;2 160
38208;09.02.2025;49;8 757
17333;21.02.2025;20;3 290
27895;28.02.2025;1;610
38981;01.02.2025;1;214
39827;20.02.2025;20;8 104
39033;27.02.2025;10;4 613
39717;02.02.2025;46;6 034
37176;13.02.2025;8;4 678
39027;14.02.2025;3;1 839
1446;13.02.2025;7;3 846
22220;09.02.2025;8;1 427
34383;17.02.2025;4;490
1805;10.02.2025;1;553
38784;02.02.2025;10;4 171
9423;22.02.2025;3;389
33889;14.02.2025;15;1 781
17353;27.02.2025;25;4 183
24752;20.02.2025;59;9 798
38700;13.02.2025;32;15 837
38482;10.02.2025;7;2 621
39347;17.02.2025;3;569
39186;27.02.2025;14;5 713
38209;16.02.2025;3;523
39178;03.02.2025;22;3 898
37076;15.02.2025;36;3 108
38645;28.02.2025;1;425
37474;09.02.2025;3;598
17357;13.02.2025;27;4 266
37478;14.02.2025;1;213
40219;16.02.2025;1;200
38767;20.02.2025;11;2 996
39512;17.02.2025;3;569
13449;20.02.2025;22;3 178
37886;15.02.2025;6;1 570
37993;14.02.2025;6;1 412
38209;21.02.2025;15;2 914
37042;27.02.2025;4;312
3612;27.02.2025;4;515
34245;27.02.2025;3;1 359
34621;14.02.2025;6;876
40500;21.02.2025;80;7 488
21995;14.02.2025;8;1 134
37470;16.02.2025;3;1 528
17354;15.02.2025;59;9 325
5884;21.02.2025;32;9 584
33419;20.02.2025;1;146
39185;17.02.2025;4;1 598
33889;28.02.2025;95;9 857
40050;10.02.2025;8;1 768
40343;03.02.2025;1;125
33088;27.02.2025;7;962
40217;03.02.2025;1;215
39976;28.02.2025;1;845
35433;21.02.2025;7;1 057
35575;14.02.2025;19;10 773
37884;10.02.2025;4;1 120
17357;27.02.2025;15;2 536
37964;14.02.2025;1;425
17356;21.02.2025;50;8 047
40219;13.02.2025;7;1 396
39176;09.02.2025;11;2 086
35428;21.02.2025;8;1 170
36069;17.02.2025;1;2 571
39709;21.02.2025;190;23 818
17360;15.02.2025;62;10 263
38816;02.02.2025;4;1 238
32964;14.02.2025;1;891
35515;20.02.2025;21;9 459
31592;02.02.2025;29;4 910
36299;13.02.2025;1;97
37042;13.02.2025;118;7 618
36334;14.02.2025;43;17 178
3612;17.02.2025;13;1 618
22219;16.02.2025;4;678
39527;09.02.2025;3;1 401
31420;21.02.2025;29;9 322
38785;09.02.2025;4;1 598
17355;03.02.2025;11;1 832
30737;03.02.2025;6;2 407
39294;28.02.2025;4;2 628
39827;17.02.2025;18;7 344
39696;13.02.2025;4;1 998
32828;14.02.2025;3;505
9429;10.02.2025;59;7 744
39512;28.02.2025;8;1 749
40340;22.02.2025;4;498
36299;16.02.2025;1;97
34246;10.02.2025;4;2 070
37996;20.02.2025;13;3 361
34245;03.02.2025;11;4 852
32823;27.02.2025;253;25 960
35515;21.02.2025;151;67 685
36297;21.02.2025;39;3 837
30622;02.02.2025;3;1 902
39030;13.02.2025;32;14 347
39827;02.02.2025;15;6 160
30902;02.02.2025;7;2 797
37177;20.02.2025;4;2 198
38699;15.02.2025;10;4 347
37886;21.02.2025;1;274
37993;20.02.2025;15;2 971
39512;15.02.2025;29;5 240
31420;13.02.2025;29;8 685
33418;27.02.2025;7;957
9423;17.02.2025;8;1 036
17353;22.02.2025;15;2 467
36295;02.02.2025;6;862
38269;27.02.2025;4;413
17331;02.02.2025;7;1 293
13449;09.02.2025;10;1 389
33889;17.02.2025;1;100
40499;20.02.2025;45;4 956
30622;15.02.2025;4;2 232
39717;28.02.2025;32;4 799
13450;21.02.2025;43;5 983
37470;09.02.2025;6;3 576
40217;14.02.2025;8;2 161
39696;15.02.2025;1;553
37470;21.02.2025;18;9 622
36295;22.02.2025;3;374
39178;28.02.2025;15;6 900
36297;20.02.2025;17;1 713
33886;09.02.2025;1;103
39030;20.02.2025;6;2 674
8673;27.02.2025;52;6 840
39186;13.02.2025;4;1 598
24609;15.02.2025;1;451
35935;03.02.2025;14;1 410
40787;17.02.2025;10;5 160
17358;28.02.2025;8;2 075
40500;03.02.2025;1;107
6006;27.02.2025;28;5 594
34621;15.02.2025;134;19 786
35216;15.02.2025;1;310
39527;27.02.2025;4;1 598
40340;15.02.2025;1;136
40220;03.02.2025;1;215
36296;28.02.2025;80;8 031
39185;14.02.2025;4;2 336
31420;27.02.2025;21;6 580
33889;27.02.2025;244;25 169
36557;22.02.2025;6;1 947
38919;13.02.2025;28;10 012
37886;14.02.2025;4;1 351
39082;21.02.2025;11;1 674
38813;21.02.2025;1;314
32214;14.02.2025;1;325
37993;09.02.2025;4;769
37993;03.02.2025;3;543
39034;28.02.2025;20;7 548
5884;10.02.2025;59;17 670
30736;28.02.2025;38;19 057
39178;02.02.2025;6;1 208
39694;09.02.2025;3;1 752
36296;02.02.2025;14;1 526
39031;15.02.2025;10;3 769
40050;02.02.2025;11;2 005
39034;22.02.2025;4;1 498
32215;15.02.2025;21;3 529
37998;15.02.2025;3;599
35308;21.02.2025;3;836
37042;22.02.2025;14;1 003
39183;17.02.2025;7;2 272
22220;10.02.2025;4;658
35440;15.02.2025;6;821
30737;10.02.2025;14;5 593
33418;15.02.2025;7;1 073
17328;14.02.2025;3;835
32830;16.02.2025;29;2 885
40496;14.02.2025;1;350
38699;10.02.2025;8;3 396
36333;14.02.2025;3;1 571
39175;03.02.2025;14;2 484
40050;16.02.2025;3;598
39296;28.02.2025;38;15 570
40050;28.02.2025;67;17 423
37272;02.02.2025;3;1 469
39029;21.02.2025;7;1 652
38646;14.02.2025;3;1 420
40219;20.02.2025;7;1 521
17356;22.02.2025;21;3 454
40499;27.02.2025;10;1 105
36714;20.02.2025;8;3 454
21995;16.02.2025;63;8 702
40052;03.02.2025;18;3 731
1805;03.02.2025;4;1 898
40050;17.02.2025;11;2 194
32824;09.02.2025;3;303
39696;27.02.2025;17;8 753
17354;03.02.2025;14;2 382
30736;20.02.2025;6;3 158
37272;13.02.2025;4;1 698
37996;03.02.2025;6;1 266
39183;13.02.2025;13;4 219
17360;17.02.2025;24;3 948
39713;20.02.2025;49;6 370
37886;09.02.2025;4;1 222
13450;27.02.2025;57;7 492
27867;20.02.2025;10;4 013
4295;02.02.2025;3;1 469
37966;21.02.2025;8;3 237
36298;16.02.2025;1;94
30736;14.02.2025;4;2 059
38817;14.02.2025;3;1 470
35777;14.02.2025;3;1 610
36072;13.02.2025;7;21 372
37272;28.02.2025;11;4 670
37967;09.02.2025;3;963
17358;09.02.2025;4;769
33419;16.02.2025;1;125
11007;15.02.2025;6;3 818
37222;03.02.2025;7;2 411
36298;28.02.2025;21;2 047
24752;27.02.2025;13;2 138
38267;20.02.2025;4;398
17356;13.02.2025;55;8 549
24609;21.02.2025;4;1 837
38816;13.02.2025;17;5 828
36334;15.02.2025;10;3 897
37887;20.02.2025;7;2 046
39512;03.02.2025;8;1 559
39187;16.02.2025;17;6 791
36783;22.02.2025;7;3 846
9429;22.02.2025;4;518
37176;02.02.2025;3;1 902
39182;16.02.2025;14;3 493
32215;03.02.2025;3;421
39695;17.02.2025;1;500
38267;15.02.2025;32;3 186
3613;27.02.2025;21;2 402
5884;16.02.2025;7;2 161
39705;15.02.2025;4;558
36557;15.02.2025;13;4 219
22219;17.02.2025;15;2 467
17358;20.02.2025;53;8 748
39082;15.02.2025;4;742
34246;13.02.2025;14;7 811
4295;13.02.2025;31;13 399
17331;13.02.2025;28;4 438
17333;14.02.2025;29;5 123
38767;09.02.2025;3;955
36334;09.02.2025;3;1 401
39694;27.02.2025;17;8 753
39295;28.02.2025;29;12 349
38538;21.02.2025;11;4 065
32828;09.02.2025;1;103
32823;10.02.2025;24;2 403
34621;10.02.2025;7;977
39826;28.02.2025;4;1 398
39717;17.02.2025;36;4 562
30737;15.02.2025;4;1 754
37930;13.02.2025;1;274
17360;14.02.2025;22;3 970
37475;20.02.2025;8;2 364
9423;20.02.2025;28;3 513
37733;17.02.2025;6;567
37125;10.02.2025;1;99
17357;14.02.2025;7;1 601
3841;27.02.2025;3;419
40787;15.02.2025;29;14 485
33089;09.02.2025;4;518
40219;17.02.2025;21;4 189
31420;20.02.2025;11;3 754
30734;27.02.2025;18;5 691
35440;03.02.2025;3;419
38816;21.02.2025;3;1 143
30734;10.02.2025;6;1 797
31420;02.02.2025;7;2 097
32828;03.02.2025;13;1 305
36782;17.02.2025;7;3 846
38813;13.02.2025;7;2 201
22219;03.02.2025;1;177
37474;28.02.2025;3;626
32826;27.02.2025;10;1 004
37966;27.02.2025;1;400
27861;15.02.2025;1;436
37472;10.02.2025;1;200
39717;14.02.2025;22;2 797
37478;09.02.2025;1;292
13449;15.02.2025;130;17 122
6006;28.02.2025;15;2 997
39187;02.02.2025;6;2 618
39087;28.02.2025;1;769
38817;17.02.2025;11;3 184
27861;09.02.2025;6;2 710
22223;10.02.2025;13;2 146
39705;27.02.2025;1;161
37176;20.02.2025;4;2 198
17356;16.02.2025;70;11 010
39034;14.02.2025;73;27 459
39185;03.02.2025;4;1 598
11007;17.02.2025;11;6 594
38235;16.02.2025;1;425
38208;21.02.2025;8;1 686
39696;21.02.2025;1;500
40049;13.02.2025;119;23 542
35428;10.02.2025;7;859
37884;28.02.2025;7;2 454
40500;15.02.2025;41;4 101
32828;17.02.2025;4;398
38235;10.02.2025;8;3 383
38699;16.02.2025;24;10 206
27867;17.02.2025;6;2 397
4295;22.02.2025;3;1 274
17356;10.02.2025;46;7 483
32830;15.02.2025;14;1 393
39347;20.02.2025;25;5 458
24609;27.02.2025;27;11 629
37125;16.02.2025;1;114
39182;28.02.2025;1;422
37934;13.02.2025;8;2 580
13449;21.02.2025;29;3 465
30737;09.02.2025;4;1 778
36295;28.02.2025;36;5 698
38816;27.02.2025;8;2 539
6006;17.02.2025;15;2 992
40051;15.02.2025;22;4 621
22219;15.02.2025;22;3 942
5884;20.02.2025;14;4 422
30736;21.02.2025;8;3 996
38918;15.02.2025;3;909
37993;15.02.2025;83;13 706
39703;09.02.2025;8;1 302
38917;13.02.2025;1;500
37887;28.02.2025;6;3 419
40499;13.02.2025;4;553
38699;27.02.2025;22;9 511
30736;17.02.2025;8;3 996
39527;01.02.2025;7;2 797
30902;27.02.2025;8;3 222
39713;17.02.2025;8;1 073
34621;16.02.2025;7;1 007
40220;22.02.2025;1;200
39717;03.02.2025;36;4 600
35309;14.02.2025;1;262
36296;09.02.2025;78;7 502
39607;21.02.2025;4;898
32666;27.02.2025;3;1 217
5884;22.02.2025;29;8 838
34383;28.02.2025;7;858
37964;17.02.2025;1;425
39295;17.02.2025;10;4 127
3841;10.02.2025;7;1 140
37966;01.02.2025;7;2 797
39607;15.02.2025;8;1 824
39171;27.02.2025;11;5 097
4295;17.02.2025;7;2 972
33418;21.02.2025;8;1 188
37935;09.02.2025;18;6 455
38784;21.02.2025;1;400
9423;03.02.2025;10;1 426
40343;27.02.2025;6;747
30902;13.02.2025;20;7 990
40052;21.02.2025;1;200
39295;14.02.2025;4;1 967
17333;09.02.2025;4;769
38767;14.02.2025;1;272
37733;28.02.2025;48;4 690
39703;20.02.2025;8;1 205
39294;03.02.2025;4;1 798
33886;17.02.2025;13;1 293
37076;03.02.2025;4;443
40496;09.02.2025;4;1 556
31592;10.02.2025;57;9 710
33888;20.02.2025;4;410
31167;28.02.2025;3;1 193
17358;03.02.2025;10;1 668
34245;21.02.2025;8;3 596
39695;13.02.2025;4;1 998
39294;15.02.2025;17;7 562
39185;09.02.2025;4;1 795
35466;16.02.2025;14;3 353
35515;27.02.2025;6;2 915
1805;21.02.2025;8;3 996
39709;13.02.2025;21;2 869
38482;01.02.2025;7;2 622
35440;14.02.2025;3;419
37472;27.02.2025;17;3 548
33889;15.02.2025;36;3 582
35309;17.02.2025;24;5 342
39713;09.02.2025;41;5 227
40051;03.02.2025;7;1 396
40219;22.02.2025;11;2 254
36296;20.02.2025;29;2 877
32823;13.02.2025;98;9 567
37735;15.02.2025;36;4 318
9429;27.02.2025;53;6 932
33088;28.02.2025;8;1 547
38209;10.02.2025;14;2 434
34620;21.02.2025;18;2 511
40499;28.02.2025;42;4 621
38700;14.02.2025;1;500
39026;14.02.2025;1;549
39294;17.02.2025;7;3 195
37125;20.02.2025;3;349
39230;16.02.2025;4;1 441
33889;13.02.2025;14;1 404
9423;27.02.2025;71;9 279
35211;28.02.2025;1;384
31419;27.02.2025;10;3 107
32828;20.02.2025;1;100
31420;09.02.2025;7;2 238
40220;15.02.2025;60;12 085
38208;02.02.2025;13;2 521
39348;21.02.2025;3;700
38482;27.02.2025;3;1 124
32824;03.02.2025;1;107
35756;15.02.2025;1;322
32830;22.02.2025;6;597
38981;14.02.2025;3;863
39186;03.02.2025;3;1 254
37471;28.02.2025;7;2 002
37998;13.02.2025;10;2 021
36297;03.02.2025;7;737
36333;28.02.2025;3;1 300
31420;10.02.2025;3;995
39030;02.02.2025;4;1 872
34621;13.02.2025;10;1 536
36297;15.02.2025;172;16 344
32823;16.02.2025;36;3 192
39296;22.02.2025;10;3 995
39182;09.02.2025;3;875
37179;15.02.2025;1;422
37044;28.02.2025;8;1 960
39296;20.02.2025;10;4 654
36782;20.02.2025;8;4 430
30734;16.02.2025;4;1 223
37470;27.02.2025;7;3 965
24752;21.02.2025;39;6 209
39034;17.02.2025;7;2 621
38785;14.02.2025;1;676
17356;27.02.2025;21;3 525
38234;15.02.2025;4;1 698
38919;28.02.2025;1;355
36298;10.02.2025;34;3 477
38767;17.02.2025;3;817
39233;27.02.2025;14;5 404
36070;17.02.2025;1;2 571
38918;27.02.2025;3;869
39175;21.02.2025;39;6 917
40500;16.02.2025;4;398
38783;02.02.2025;13;5 407
39295;21.02.2025;50;19 642
39174;09.02.2025;11;2 086
1805;17.02.2025;7;3 518
17355;22.02.2025;1;164
32830;28.02.2025;207;20 628
39709;09.02.2025;1;128
17331;15.02.2025;31;5 206
27850;14.02.2025;1;222
39033;14.02.2025;1;553
39034;09.02.2025;8;3 165
35309;21.02.2025;3;741
17356;09.02.2025;56;9 329
40496;02.02.2025;3;1 210
36780;03.02.2025;4;1 598
39827;09.02.2025;18;7 744
35308;09.02.2025;1;362
30622;17.02.2025;4;2 198
27850;13.02.2025;1;190
24609;16.02.2025;1;425
37993;22.02.2025;4;658
17333;28.02.2025;11;2 189
37886;27.02.2025;7;1 981
31419;28.02.2025;8;2 402
38817;09.02.2025;4;1 289
39171;10.02.2025;1;416
35309;09.02.2025;13;3 167
38208;27.02.2025;3;588
33418;09.02.2025;7;1 019
33089;21.02.2025;1;130
37475;28.02.2025;1;315
39187;17.02.2025;4;1 598
36782;16.02.2025;3;2 080
35402;03.02.2025;1;438
38538;17.02.2025;1;400
39345;21.02.2025;3;700
34246;20.02.2025;10;5 906
36298;09.02.2025;10;966
39174;15.02.2025;6;1 216
33889;16.02.2025;22;2 002
17331;09.02.2025;6;1 112
37125;03.02.2025;1;107
39295;27.02.2025;25;10 073
36334;02.02.2025;11;4 614
35309;10.02.2025;13;3 113
37932;13.02.2025;1;274
39607;22.02.2025;14;3 143
38785;21.02.2025;1;400
36557;17.02.2025;10;3 366
1805;14.02.2025;20;10 171
36334;28.02.2025;4;1 967
11007;10.02.2025;27;16 186
36298;20.02.2025;18;1 777
24609;14.02.2025;4;1 881
32822;28.02.2025;3;505
37890;15.02.2025;1;546
35575;16.02.2025;10;8 450
17360;13.02.2025;35;5 429
33089;27.02.2025;10;1 397
40787;28.02.2025;21;10 490
39527;28.02.2025;13;7 476
4295;15.02.2025;38;16 222
17356;20.02.2025;49;7 827
40340;14.02.2025;3;374
31420;15.02.2025;4;1 345
39705;14.02.2025;1;152
36072;09.02.2025;1;1 221
24609;17.02.2025;4;1 698
39082;22.02.2025;6;987
39713;16.02.2025;32;4 154
27861;02.02.2025;7;3 020
38700;21.02.2025;18;8 427
36296;27.02.2025;31;3 191
34621;17.02.2025;1;129
17355;14.02.2025;7;1 509
37272;03.02.2025;7;3 146
17356;17.02.2025;18;2 961
39185;13.02.2025;3;1 199
37964;10.02.2025;8;3 383
39296;16.02.2025;17;6 826
39027;16.02.2025;4;2 198
33467;20.02.2025;3;1 379
38817;13.02.2025;4;1 158
17353;21.02.2025;17;2 796
39294;10.02.2025;17;7 837
40343;14.02.2025;3;632
40219;09.02.2025;78;15 570
9423;16.02.2025;64;8 802
1805;28.02.2025;3;1 499
39066;15.02.2025;1;295
39185;16.02.2025;17;6 791
33418;28.02.2025;55;7 609
17333;20.02.2025;18;3 031
39061;13.02.2025;21;58 645
38981;17.02.2025;1;230
17328;27.02.2025;14;2 374
35756;14.02.2025;3;1 266
37272;21.02.2025;1;425
39231;28.02.2025;43;16 103
17360;21.02.2025;18;2 968
1805;15.02.2025;14;7 142
39607;09.02.2025;6;1 461
30622;21.02.2025;1;549
22220;20.02.2025;13;2 166
1446;02.02.2025;4;2 266
39232;09.02.2025;28;9 952
32829;03.02.2025;1;107
37076;20.02.2025;4;468
37474;03.02.2025;3;668
37967;13.02.2025;4;1 098
39713;21.02.2025;74;9 403
11007;02.02.2025;8;5 042
22219;28.02.2025;18;3 781
36296;17.02.2025;6;567
39703;17.02.2025;1;129
32823;22.02.2025;6;597
32666;15.02.2025;15;5 866
40340;13.02.2025;1;125
38917;22.02.2025;1;515
38700;03.02.2025;4;1 998
35216;14.02.2025;4;1 809
37966;20.02.2025;6;2 397
38002;20.02.2025;10;3 489
40339;28.02.2025;8;1 341
3613;22.02.2025;4;498
39026;20.02.2025;1;642
37125;15.02.2025;71;6 572
17360;02.02.2025;1;164
39026;03.02.2025;4;2 211
33088;20.02.2025;4;606
40219;14.02.2025;15;3 570
38815;10.02.2025;14;4 934
17331;10.02.2025;35;6 468
39026;16.02.2025;1;549
37887;09.02.2025;3;963
38783;10.02.2025;10;3 982
38700;10.02.2025;7;3 572
36780;21.02.2025;7;2 797
40220;20.02.2025;7;1 521
38482;13.02.2025;6;2 247
40051;14.02.2025;4;1 166
32826;15.02.2025;14;1 393
39232;17.02.2025;11;3 955
39082;09.02.2025;11;1 924
38645;16.02.2025;1;425
40499;14.02.2025;7;889
39607;03.02.2025;1;208
39295;16.02.2025;4;1 598
36298;27.02.2025;31;3 163
35309;13.02.2025;24;5 748
40217;20.02.2025;4;859
32214;02.02.2025;3;1 123
32824;02.02.2025;7;718
39034;13.02.2025;48;18 488
39173;22.02.2025;59;10 612
36783;14.02.2025;14;7 941
37272;10.02.2025;38;16 205
38267;10.02.2025;6;588
38646;22.02.2025;1;425
39705;13.02.2025;4;558
37993;17.02.2025;32;5 264
36557;20.02.2025;7;2 376
36297;09.02.2025;71;6 820
39348;27.02.2025;14;2 735
32215;20.02.2025;13;2 274
39175;17.02.2025;1;174
37890;21.02.2025;1;500
39345;13.02.2025;36;7 226
33886;20.02.2025;28;2 675
30734;28.02.2025;48;14 577
40500;14.02.2025;24;2 686
39030;17.02.2025;7;2 972
22223;21.02.2025;1;164
22219;22.02.2025;7;1 151
33088;16.02.2025;32;4 177
27861;13.02.2025;11;4 868
36783;17.02.2025;10;5 495
36295;13.02.2025;112;13 944
27850;20.02.2025;3;962
36297;17.02.2025;6;567
38267;13.02.2025;57;6 101
39031;09.02.2025;3;1 314
8673;20.02.2025;43;5 675
39345;27.02.2025;15;2 954
17356;15.02.2025;183;29 717
37935;16.02.2025;1;350
37222;13.02.2025;4;1 378
19251;28.02.2025;7;3 962
37076;28.02.2025;7;883
36334;20.02.2025;1;467
37472;15.02.2025;3;599
35756;09.02.2025;3;885
39230;17.02.2025;8;2 796
32823;28.02.2025;140;14 637
39032;15.02.2025;11;4 245
39187;21.02.2025;18;6 778
39976;14.02.2025;3;1 389
39034;02.02.2025;4;1 652
11941;22.02.2025;1;500
40787;20.02.2025;45;22 618
38208;03.02.2025;27;4 734
17355;09.02.2025;4;769
11007;28.02.2025;4;2 484
37934;21.02.2025;22;6 918
39705;16.02.2025;3;431
24609;09.02.2025;7;3 282
35440;02.02.2025;14;1 953
32666;21.02.2025;97;38 055
39232;15.02.2025;17;6 086
37885;09.02.2025;3;963
38983;28.02.2025;4;2 535
39230;14.02.2025;8;3 635
32824;28.02.2025;132;13 153
30902;28.02.2025;21;12 488
37470;15.02.2025;10;5 495
32214;17.02.2025;17;5 517
33089;03.02.2025;3;406
39185;15.02.2025;1;400
37176;14.02.2025;10;5 567
36780;13.02.2025;50;19 296
39176;21.02.2025;45;8 022
36334;17.02.2025;7;2 797
37930;10.02.2025;1;274
40500;17.02.2025;10;995
40051;28.02.2025;71;14 600
38784;10.02.2025;1;400
35448;28.02.2025;6;636
38983;10.02.2025;1;375
24752;15.02.2025;127;20 905
40049;27.02.2025;24;4 927
38538;28.02.2025;1;676
27861;10.02.2025;13;5 193
39026;02.02.2025;4;2 446
9423;14.02.2025;17;2 550
39231;20.02.2025;14;5 243
38918;21.02.2025;1;290
32964;09.02.2025;1;526
40342;14.02.2025;3;374
37964;28.02.2025;1;1 310
38700;16.02.2025;1;500
38482;02.02.2025;3;1 296
32826;21.02.2025;4;414
39171;14.02.2025;3;1 463
32824;17.02.2025;1;100
37478;20.02.2025;8;2 364
38700;02.02.2025;10;5 215
40051;09.02.2025;6;1 197
40220;02.02.2025;10;2 083
40499;16.02.2025;120;13 780
24752;09.02.2025;14;2 303
9429;15.02.2025;4;582
38646;17.02.2025;4;1 698
38646;20.02.2025;4;1 728
39030;16.02.2025;1;425
39976;20.02.2025;10;5 906
39171;21.02.2025;1;449
40052;01.02.2025;7;1 397
36296;03.02.2025;17;1 627
40219;28.02.2025;17;4 096
39175;15.02.2025;6;1 216
31592;21.02.2025;55;9 104
38815;09.02.2025;6;2 274
38767;28.02.2025;10;6 547
22219;14.02.2025;18;3 248
38699;13.02.2025;18;8 040
17328;17.02.2025;1;164
22223;02.02.2025;27;4 463
33889;03.02.2025;13;1 305
39231;17.02.2025;11;4 238
36780;16.02.2025;3;1 199
34245;15.02.2025;21;9 419
38919;16.02.2025;3;1 323
40500;09.02.2025;1;103
37932;15.02.2025;1;300
37733;14.02.2025;3;310
36782;03.02.2025;4;2 198
37735;27.02.2025;22;2 931
39709;22.02.2025;14;1 797
30902;10.02.2025;27;11 024
17328;03.02.2025;6;962
39173;27.02.2025;1;196
39694;10.02.2025;4;1 998
36295;09.02.2025;7;1 019
22220;13.02.2025;29;4 600
38209;28.02.2025;46;9 998
33089;15.02.2025;39;4 721
37998;03.02.2025;6;1 266
40496;15.02.2025;3;1 056
37471;21.02.2025;4;814
32824;20.02.2025;25;2 325
36780;10.02.2025;6;2 434
39607;10.02.2025;28;6 286
35515;22.02.2025;1;449
34383;20.02.2025;1;143
39295;09.02.2025;6;2 600
6006;20.02.2025;11;2 363
17331;03.02.2025;8;1 283
3841;21.02.2025;24;2 988
38981;15.02.2025;6;2 169
39527;15.02.2025;10;5 206
36782;14.02.2025;4;2 435
11941;17.02.2025;6;2 997
37889;28.02.2025;11;13 530
22223;28.02.2025;32;5 947
36714;10.02.2025;8;2 905
39826;03.02.2025;1;300
39976;09.02.2025;8;4 221
38817;20.02.2025;8;2 375
39827;21.02.2025;4;1 598
32823;21.02.2025;1;109
3613;28.02.2025;35;4 360
39087;09.02.2025;1;531
36296;15.02.2025;209;19 612
8673;15.02.2025;132;17 337
38816;10.02.2025;3;978
37935;27.02.2025;3;1 049
39173;21.02.2025;143;25 122
37471;27.02.2025;18;3 712
22220;15.02.2025;66;11 276
40050;14.02.2025;7;1 895
38002;14.02.2025;3;1 498
37890;02.02.2025;7;3 712
40340;27.02.2025;6;747
39345;20.02.2025;11;2 598
40499;10.02.2025;56;6 132
39231;21.02.2025;21;7 471
36297;10.02.2025;14;1 526
37735;10.02.2025;4;518
39031;02.02.2025;3;1 296
3612;16.02.2025;18;2 157
38699;14.02.2025;4;1 924
37993;13.02.2025;3;493
39031;20.02.2025;3;1 236
37471;15.02.2025;3;599
38645;03.02.2025;7;3 000
17333;15.02.2025;7;1 197
36783;28.02.2025;3;1 648
22219;20.02.2025;17;2 839
37474;14.02.2025;3;598
17354;09.02.2025;6;1 112
37887;17.02.2025;1;296
5884;13.02.2025;21;6 289
39230;03.02.2025;11;3 845
38815;03.02.2025;8;2 796
24752;13.02.2025;41;6 759
37735;13.02.2025;8;958
39705;09.02.2025;7;1 142
9429;21.02.2025;70;9 189
39171;09.02.2025;4;2 001
39296;03.02.2025;22;9 152
13450;16.02.2025;66;8 547
40787;13.02.2025;6;3 331
39173;15.02.2025;6;1 216
33886;16.02.2025;11;994
36297;13.02.2025;213;20 155
39031;28.02.2025;1;1 500
39826;02.02.2025;11;3 611
17360;03.02.2025;4;675
36333;17.02.2025;1;310
11941;14.02.2025;1;500
32826;16.02.2025;34;3 355
32666;13.02.2025;55;22 054
38784;16.02.2025;11;4 394
37272;16.02.2025;1;425
13450;13.02.2025;24;3 403
35466;13.02.2025;1;239
6006;22.02.2025;1;200
33418;13.02.2025;45;6 098
33089;17.02.2025;3;389
37991;27.02.2025;25;6 861
40051;20.02.2025;14;3 163
38785;02.02.2025;14;5 765
33886;02.02.2025;7;718
37887;14.02.2025;4;1 351
39182;03.02.2025;7;1 747
39296;15.02.2025;38;15 085
36782;15.02.2025;11;6 079
39230;09.02.2025;7;2 612
40217;09.02.2025;111;22 144
37886;03.02.2025;1;274
35440;17.02.2025;1;129
11007;20.02.2025;6;3 597
36780;27.02.2025;10;4 083
39186;21.02.2025;38;14 761
39176;13.02.2025;118;20 075
35515;15.02.2025;29;13 093
36069;13.02.2025;11;28 282
39231;14.02.2025;10;3 918
37472;13.02.2025;15;3 076
33089;16.02.2025;32;4 177
36071;28.02.2025;3;4 218
33418;14.02.2025;1;125
39183;03.02.2025;6;1 947
39175;09.02.2025;15;2 728
39174;02.02.2025;6;1 208
40343;01.02.2025;1;125
33886;28.02.2025;90;9 181
17331;22.02.2025;7;1 151
37125;27.02.2025;21;2 132
3613;17.02.2025;7;871
9429;28.02.2025;10;1 651
9423;10.02.2025;34;4 423
6006;14.02.2025;6;1 197
39717;20.02.2025;25;3 474
38234;27.02.2025;1;431
37886;20.02.2025;3;957
39026;28.02.2025;3;1 725
39347;14.02.2025;1;190
11941;28.02.2025;28;13 986
17354;17.02.2025;22;3 619
36307;17.02.2025;1;3 925
34620;15.02.2025;120;17 725
39031;17.02.2025;3;1 123
33089;20.02.2025;3;454
39186;20.02.2025;14;6 350
24752;22.02.2025;15;2 467
35433;10.02.2025;14;1 790
39066;28.02.2025;3;1 837
35466;10.02.2025;6;1 437
39034;20.02.2025;1;386
36299;02.02.2025;7;916
39717;13.02.2025;197;25 403
40052;14.02.2025;18;3 973
33418;10.02.2025;21;2 614
39705;21.02.2025;1;140
17357;28.02.2025;15;2 964
21995;21.02.2025;1;130
39705;28.02.2025;7;1 004
38816;14.02.2025;10;3 707
17354;10.02.2025;39;6 629
37887;21.02.2025;4;988
35308;14.02.2025;3;1 571
28097;28.02.2025;3;705
32215;22.02.2025;3;493
39187;15.02.2025;6;2 572
22223;16.02.2025;46;7 567
40219;02.02.2025;10;2 083
38699;17.02.2025;4;1 698
38234;21.02.2025;13;5 519
40220;28.02.2025;17;4 318
4295;28.02.2025;98;42 013
40049;22.02.2025;4;798
36333;21.02.2025;3;836
6006;21.02.2025;11;2 195
3613;16.02.2025;20;2 252
39029;27.02.2025;1;250
39713;03.02.2025;48;6 187
39248;28.02.2025;3;1 394
39029;28.02.2025;3;777
36780;20.02.2025;8;3 745
38002;15.02.2025;1;295
3841;28.02.2025;56;7 047
17328;13.02.2025;22;3 449
35216;09.02.2025;1;362
37222;15.02.2025;4;2 056
32666;17.02.2025;4;1 598
38209;09.02.2025;7;1 428
37471;14.02.2025;4;798
1446;17.02.2025;7;3 846
36333;20.02.2025;7;2 416
38235;13.02.2025;25;10 613
33419;28.02.2025;52;6 514
17331;28.02.2025;29;5 780
39717;10.02.2025;41;5 159
13449;28.02.2025;111;14 725
39294;27.02.2025;13;5 843
30902;14.02.2025;13;5 247
37996;13.02.2025;1;200
38815;16.02.2025;3;1 049
36557;27.02.2025;13;4 489
38815;15.02.2025;13;4 519
21995;15.02.2025;25;3 287
39347;03.02.2025;8;1 535
11007;16.02.2025;4;2 189
40052;15.02.2025;31;6 474
17328;09.02.2025;15;2 581
40499;22.02.2025;62;6 932
30622;13.02.2025;34;18 683
38917;21.02.2025;1;500
39033;02.02.2025;13;5 903
8675;02.02.2025;1;133
40049;16.02.2025;11;2 194
37470;10.02.2025;6;3 386
39296;02.02.2025;18;7 361
33419;09.02.2025;7;1 019
32830;27.02.2025;216;22 829
30737;21.02.2025;1;412
39027;03.02.2025;3;1 725
40051;16.02.2025;11;2 194
37222;01.02.2025;7;2 412
37886;13.02.2025;22;6 689
33889;22.02.2025;3;299
39296;10.02.2025;53;21 894
38646;21.02.2025;14;5 998
37934;17.02.2025;7;2 096
38266;22.02.2025;20;2 051
39827;16.02.2025;4;1 598
36333;27.02.2025;1;310
31592;20.02.2025;49;8 517
17357;02.02.2025;27;4 463
35433;13.02.2025;119;14 597
5884;28.02.2025;11;3 339
33888;27.02.2025;7;705
38645;13.02.2025;27;12 241
17354;16.02.2025;4;665
39171;02.02.2025;3;1 556
37993;28.02.2025;22;5 032
39176;03.02.2025;3;548
39174;21.02.2025;4;859
40217;02.02.2025;3;691
39034;27.02.2025;1;375
36297;28.02.2025;20;2 048
40051;10.02.2025;10;2 179
37887;13.02.2025;28;8 431
39695;28.02.2025;10;5 489
37966;14.02.2025;4;2 385
39703;27.02.2025;7;1 019
39231;13.02.2025;60;22 064
38699;09.02.2025;15;6 670
36297;02.02.2025;14;1 526
9429;17.02.2025;8;1 036
39187;09.02.2025;6;2 618
37996;27.02.2025;17;3 548
37884;15.02.2025;10;2 702
9423;13.02.2025;31;4 309
30902;03.02.2025;1;400
32666;09.02.2025;7;3 003
39717;27.02.2025;81;10 439
11007;27.02.2025;6;3 874
38919;15.02.2025;3;1 129
33088;15.02.2025;74;9 252
37886;16.02.2025;8;2 196
38813;02.02.2025;3;1 089
17354;13.02.2025;95;14 851
38002;13.02.2025;7;2 142
39027;17.02.2025;8;4 396
39029;13.02.2025;29;7 606
33419;14.02.2025;1;125
35575;17.02.2025;8;5 432
39185;20.02.2025;14;6 350
39033;21.02.2025;8;3 326
38783;27.02.2025;8;3 278
37733;02.02.2025;14;1 526
37967;10.02.2025;3;823
31592;13.02.2025;55;8 867
39230;28.02.2025;24;9 807
21995;27.02.2025;36;4 690
36072;21.02.2025;4;7 713
22220;14.02.2025;11;2 199
37470;03.02.2025;6;3 173
17357;16.02.2025;22;3 619
39030;28.02.2025;14;6 409
39296;17.02.2025;11;4 188
38646;02.02.2025;17;7 457
38784;28.02.2025;1;815
39826;27.02.2025;17;5 686
39294;22.02.2025;4;1 798
40342;28.02.2025;14;2 950
37998;27.02.2025;22;4 583
4295;21.02.2025;13;5 170
39182;27.02.2025;28;7 201
30736;22.02.2025;11;5 664
17358;14.02.2025;10;2 050
40787;14.02.2025;14;7 434
38815;27.02.2025;8;2 868
35575;20.02.2025;12;7 128
39703;14.02.2025;3;419
34621;21.02.2025;73;10 184
11941;10.02.2025;55;27 472
17331;27.02.2025;45;7 447
36299;27.02.2025;14;1 474
38645;02.02.2025;7;3 154
39695;09.02.2025;3;1 752
36780;15.02.2025;10;4 364
39347;15.02.2025;29;5 240
37272;27.02.2025;69;29 438
30734;02.02.2025;24;7 448
37935;13.02.2025;21;7 430
40220;14.02.2025;13;3 205
40049;15.02.2025;49;10 055
30737;20.02.2025;1;467
4295;27.02.2025;18;7 985
34245;09.02.2025;4;2 019
40219;27.02.2025;28;5 741
34620;03.02.2025;27;3 876
38918;22.02.2025;3;869
39174;03.02.2025;22;3 898
33887;03.02.2025;1;107
17354;28.02.2025;15;3 271
5884;27.02.2025;34;10 418
39295;22.02.2025;1;400
36780;09.02.2025;3;1 401
38784;14.02.2025;1;400
17331;16.02.2025;39;6 415
13450;15.02.2025;42;5 754
38919;17.02.2025;7;2 447
39348;13.02.2025;64;12 138
37475;21.02.2025;1;250
37733;10.02.2025;21;2 188
38699;21.02.2025;1;464
39527;03.02.2025;7;2 796
39694;03.02.2025;1;523
40342;20.02.2025;7;1 475
22223;15.02.2025;42;6 923
39026;22.02.2025;15;8 242
39232;03.02.2025;24;8 464
39186;09.02.2025;7;3 003
37934;02.02.2025;3;1 037
38266;20.02.2025;4;398
32829;20.02.2025;1;100
17353;13.02.2025;11;1 809
37932;28.02.2025;7;2 542
38919;20.02.2025;3;1 145
38918;28.02.2025;4;1 960
32828;02.02.2025;7;718
39183;27.02.2025;6;1 947
32822;13.02.2025;6;643
39826;13.02.2025;4;1 298
38917;09.02.2025;8;4 221
36070;09.02.2025;1;1 221
39512;14.02.2025;4;758
37476;21.02.2025;1;250
40499;17.02.2025;8;955
9423;28.02.2025;11;1 767
36782;02.02.2025;10;5 736
39248;13.02.2025;13;3 568
37471;17.02.2025;3;598
39695;27.02.2025;17;8 753
36783;13.02.2025;18;9 914
39187;28.02.2025;1;980
39033;16.02.2025;1;449
31167;02.02.2025;6;837
35466;27.02.2025;1;239
31419;21.02.2025;25;7 487
1805;27.02.2025;13;6 499
21995;09.02.2025;3;389
33889;09.02.2025;14;1 393
39027;09.02.2025;4;2 446
17354;20.02.2025;22;3 640
39296;09.02.2025;269;97 391
17353;02.02.2025;4;678
40217;15.02.2025;50;9 778
39032;21.02.2025;25;9 426
39033;13.02.2025;25;11 641
36070;28.02.2025;1;2 571
36334;03.02.2025;4;1 558
37998;09.02.2025;4;798
36783;16.02.2025;7;3 846
30734;13.02.2025;42;12 227
17355;15.02.2025;31;5 153
11007;09.02.2025;28;17 096
37935;15.02.2025;6;2 508
39345;28.02.2025;7;1 388
22220;03.02.2025;8;1 321
39029;15.02.2025;17;5 459
4295;16.02.2025;24;10 188
33092;27.02.2025;4;598
35428;13.02.2025;7;859
40049;10.02.2025;10;2 210
37966;15.02.2025;1;412
39233;13.02.2025;10;3 745
33088;02.02.2025;14;1 813
22223;22.02.2025;1;164
39348;15.02.2025;29;5 240
40217;21.02.2025;6;1 215
8673;21.02.2025;71;9 413
40339;20.02.2025;13;2 241
6006;02.02.2025;3;599
35433;27.02.2025;1;138
36557;21.02.2025;18;5 571
13450;10.02.2025;13;1 704
30736;03.02.2025;13;6 618
37179;22.02.2025;4;1 544
39827;03.02.2025;10;4 329
37932;09.02.2025;3;963
36298;13.02.2025;46;4 359
24609;10.02.2025;15;6 368
17353;28.02.2025;21;3 961
34621;27.02.2025;41;5 938
35309;20.02.2025;27;7 058
35428;02.02.2025;14;1 981
36295;14.02.2025;4;529
22223;13.02.2025;39;6 243
3612;21.02.2025;31;3 924
38784;13.02.2025;18;7 191
38919;02.02.2025;4;1 441
33887;28.02.2025;3;505
38209;27.02.2025;3;588
31592;27.02.2025;36;5 994
30622;10.02.2025;10;5 561
33886;14.02.2025;11;1 322
17358;17.02.2025;45;7 124
37125;13.02.2025;7;601
31419;10.02.2025;17;5 091
32830;21.02.2025;49;4 527
37996;14.02.2025;1;200
32822;21.02.2025;7;696
17357;22.02.2025;17;2 796
37222;28.02.2025;4;1 745
37885;20.02.2025;8;2 258
36714;09.02.2025;3;1 279
39032;27.02.2025;3;1 210
17360;20.02.2025;18;3 061
33418;16.02.2025;1;125
30902;16.02.2025;4;1 647
39232;21.02.2025;20;6 616
39027;20.02.2025;29;16 064
39709;16.02.2025;108;13 760
17355;21.02.2025;3;493
38269;13.02.2025;70;6 747
32214;03.02.2025;11;3 570
11007;03.02.2025;64;37 748
35067;28.02.2025;3;735
39296;04.02.2025;8;4 425
13450;04.02.2025;3;538
32666;05.02.2025;1;553
38815;04.02.2025;3;1 452
36296;04.02.2025;6;1 178
39032;04.02.2025;5;2 593
21995;05.02.2025;3;538
27895;05.02.2025;2;552
40343;05.02.2025;3;517
39186;04.02.2025;1;553
37935;05.02.2025;2;968
40220;06.02.2025;1;276
17331;04.02.2025;3;683
32214;04.02.2025;4;1 797
36295;04.02.2025;10;1 724
39976;06.02.2025;2;1 383
17328;04.02.2025;2;456
36072;05.02.2025;8;11 570
39031;04.02.2025;1;519
38699;04.02.2025;2;1 176
39176;04.02.2025;1;242
39175;04.02.2025;5;1 208
39187;04.02.2025;1;553
38785;04.02.2025;4;2 213
1805;04.02.2025;1;692
37477;05.02.2025;66;22 801
11007;04.02.2025;25;20 752
40217;06.02.2025;33;9 116
9423;04.02.2025;4;717
8675;05.02.2025;7;1 255
39713;04.02.2025;19;3 275
39061;06.02.2025;4;6 283
39717;04.02.2025;14;2 413
37732;05.02.2025;67;12 941
30902;05.02.2025;5;2 766
37964;06.02.2025;5;2 939
22219;05.02.2025;9;2 050
31592;04.02.2025;4;911
38767;05.02.2025;7;2 640
17333;04.02.2025;4;911
37996;04.02.2025;2;552
22217;06.02.2025;7;1 594
37887;05.02.2025;2;760
36557;05.02.2025;1;449
38538;06.02.2025;8;4 425
37042;04.02.2025;10;1 443
38645;04.02.2025;2;1 176
37998;04.02.2025;2;552
33419;04.02.2025;6;1 034
4295;04.02.2025;3;1 763
39826;05.02.2025;1;449
39248;04.02.2025;4;1 520
40052;04.02.2025;7;1 934
8673;04.02.2025;5;897
32215;04.02.2025;1;228
39230;04.02.2025;4;1 936
39185;04.02.2025;1;553
37735;05.02.2025;1;179
38235;05.02.2025;1;588
37176;04.02.2025;4;3 043
39348;04.02.2025;3;787
35756;05.02.2025;1;408
37474;04.02.2025;1;276
38918;05.02.2025;1;401
5884;05.02.2025;2;829
31419;04.02.2025;4;1 659
39705;06.02.2025;8;1 545
37890;05.02.2025;3;2 075
31420;04.02.2025;1;415
9429;04.02.2025;4;717
24752;05.02.2025;3;683
31167;06.02.2025;9;1 738
32823;04.02.2025;5;1 033
35777;06.02.2025;77;33 818
37932;05.02.2025;5;1 900
13449;06.02.2025;22;3 945
17358;04.02.2025;4;911
39709;04.02.2025;1;172
30622;05.02.2025;6;4 565
33088;04.02.2025;1;179
35309;04.02.2025;4;1 326
36714;05.02.2025;6;3 028
39345;04.02.2025;4;1 050
40340;05.02.2025;6;1 034
40051;04.02.2025;2;552
36783;05.02.2025;9;6 848
38816;04.02.2025;1;429
40219;06.02.2025;3;829
39082;04.02.2025;1;228
39027;04.02.2025;1;761
30737;04.02.2025;2;1 106
39178;04.02.2025;8;1 933
34245;04.02.2025;4;2 490
32822;04.02.2025;1;207
36297;04.02.2025;2;393
33886;06.02.2025;1;207
37125;05.02.2025;8;1 653
38783;06.02.2025;1;553
39294;04.02.2025;1;622
38981;04.02.2025;1;296
37076;04.02.2025;1;208
37222;04.02.2025;2;954
32826;06.02.2025;33;6 819
39295;04.02.2025;5;2 766
17355;04.02.2025;4;911
32824;05.02.2025;7;1 447
34246;04.02.2025;3;2 075
32830;06.02.2025;4;827
36334;04.02.2025;1;553
19251;05.02.2025;9;4 542
24609;04.02.2025;5;2 939
37472;04.02.2025;1;276
40049;04.02.2025;2;552
38700;04.02.2025;1;692
40050;04.02.2025;4;1 105
39512;04.02.2025;3;787
11941;04.02.2025;4;2 766
17353;04.02.2025;2;456
39029;04.02.2025;1;345
38266;04.02.2025;5;1 033
3841;04.02.2025;2;345
37272;04.02.2025;2;1 176
37733;04.02.2025;12;2 355
22223;04.02.2025;2;456
1446;04.02.2025;1;761
34383;04.02.2025;2;339
38208;04.02.2025;10;2 416
39827;04.02.2025;4;2 213
30736;04.02.2025;5;3 458
39171;04.02.2025;4;2 490
39607;06.02.2025;5;1 554
33889;04.02.2025;5;1 033
36070;06.02.2025;6;8 677
32828;04.02.2025;5;1 033
33887;05.02.2025;5;1 033
38646;06.02.2025;4;2 351
17357;04.02.2025;1;228
36780;04.02.2025;1;553
17356;04.02.2025;5;1 139
30734;05.02.2025;4;1 659
36071;05.02.2025;1;1 446
27867;05.02.2025;1;553
39033;04.02.2025;3;1 867
34620;04.02.2025;10;1 931
22220;04.02.2025;3;683
40499;05.02.2025;1;152
9432;05.02.2025;8;1 434
39232;04.02.2025;9;4 355
35466;05.02.2025;11;3 648
35427;05.02.2025;1;170
38267;04.02.2025;6;1 240
35575;05.02.2025;16;12 464
36298;06.02.2025;32;6 280
39231;05.02.2025;3;1 556
39183;04.02.2025;2;899
37993;04.02.2025;1;228
38919;04.02.2025;1;484
40496;05.02.2025;3;1 452
37886;05.02.2025;3;1 140
35440;04.02.2025;1;193
37478;05.02.2025;2;691
39527;04.02.2025;2;1 106
37934;05.02.2025;8;3 317
37930;06.02.2025;1;380
34621;04.02.2025;11;2 125
39233;05.02.2025;7;3 630
35515;06.02.2025;34;21 161
36333;05.02.2025;9;3 857
35433;04.02.2025;3;510
39034;04.02.2025;8;4 148
38209;04.02.2025;4;966
40339;06.02.2025;2;345
39066;05.02.2025;8;3 269
39695;05.02.2025;2;1 383
36782;04.02.2025;1;761
38234;05.02.2025;3;1 763
35308;05.02.2025;4;1 714
35216;05.02.2025;6;2 571
38814;05.02.2025;1;435
39703;05.02.2025;1;193
39694;05.02.2025;15;10 374
39026;04.02.2025;1;761
37966;04.02.2025;2;1 106
39174;04.02.2025;8;1 933
3613;06.02.2025;3;517
27861;04.02.2025;5;2 766
39030;04.02.2025;4;2 351
37476;06.02.2025;3;1 036
37884;06.02.2025;3;1 140
37991;06.02.2025;3;1 131
40787;06.02.2025;4;2 766
39347;04.02.2025;3;787
40500;06.02.2025;5;1 033
17354;04.02.2025;5;1 139
40342;06.02.2025;1;172
39696;06.02.2025;1;692
37885;06.02.2025;1;380
38817;06.02.2025;13;5 211
17360;04.02.2025;1;228
35428;04.02.2025;4;679
3612;06.02.2025;4;690
38983;06.02.2025;17;8 815
33888;06.02.2025;1;207
37470;04.02.2025;2;1 522
35935;04.02.2025;5;894
39173;04.02.2025;1;242
33089;04.02.2025;1;179
38482;04.02.2025;4;2 074
37179;06.02.2025;1;535
6006;06.02.2025;13;3 591
36299;06.02.2025;5;981
37300;06.02.2025;5;2 420
33418;04.02.2025;5;862
35402;06.02.2025;6;3 111
37045;06.02.2025;7;1 447
35448;06.02.2025;4;716
38917;04.02.2025;1;692
36069;06.02.2025;1;1 446
38269;04.02.2025;6;1 115
39182;04.02.2025;2;691
37177;06.02.2025;34;25 869
37888;06.02.2025;64;44 263
37471;04.02.2025;1;276
38813;06.02.2025;5;2 177
27850;06.02.2025;42;11 020
33467;06.02.2025;5;1 881
32829;06.02.2025;5;1 033
36307;06.02.2025;3;6 623
33092;06.02.2025;2;359
38002;06.02.2025;2;817
35067;06.02.2025;5;1 033
38784;06.02.2025;6;3 319
32964;06.02.2025;2;1 458
37967;06.02.2025;3;1 140
37475;06.02.2025;34;11 746
39087;06.02.2025;4;2 516
35211;05.02.2025;1;314
37044;06.02.2025;5;1 033
37889;06.02.2025;5;3 458
28097;06.02.2025;5;725
39296;07.02.2025;8;4 425
13450;07.02.2025;2;359
32666;07.02.2025;1;553
38815;07.02.2025;2;968
36296;07.02.2025;3;589
39032;07.02.2025;4;2 074
21995;07.02.2025;3;538
27895;07.02.2025;3;829
40343;07.02.2025;4;690
39186;07.02.2025;3;1 659
37935;07.02.2025;4;1 936
40220;07.02.2025;4;1 105
17331;07.02.2025;2;456
32214;07.02.2025;1;449
36295;07.02.2025;1;172
39976;07.02.2025;2;1 383
17328;07.02.2025;2;456
36072;07.02.2025;11;15 909
39031;07.02.2025;2;1 037
38699;07.02.2025;2;1 176
39176;07.02.2025;2;483
39175;07.02.2025;35;8 456
39187;07.02.2025;5;2 766
38785;07.02.2025;6;3 319
1805;07.02.2025;1;692
37477;07.02.2025;5;1 727
11007;07.02.2025;5;4 150
40217;07.02.2025;3;829
9423;07.02.2025;1;179
8675;07.02.2025;7;1 255
39713;07.02.2025;1;172
39061;07.02.2025;3;4 713
39717;07.02.2025;12;2 069
37732;07.02.2025;8;1 545
30902;07.02.2025;4;2 213
37964;07.02.2025;4;2 351
22219;07.02.2025;4;911
31592;07.02.2025;5;1 139
38767;07.02.2025;6;2 263
17333;07.02.2025;2;456
37996;07.02.2025;2;552
22217;07.02.2025;2;456
37887;07.02.2025;2;760
36557;07.02.2025;23;10 334
38538;07.02.2025;4;2 213
37042;07.02.2025;5;722
38645;07.02.2025;5;2 939
37998;07.02.2025;5;1 381
33419;07.02.2025;1;172
4295;07.02.2025;3;1 763
39826;07.02.2025;3;1 348
39248;07.02.2025;3;1 140
40052;07.02.2025;7;1 934
8673;07.02.2025;1;179
32215;07.02.2025;1;228
39230;07.02.2025;3;1 452
39185;07.02.2025;1;553
37735;07.02.2025;1;179
38235;07.02.2025;1;588
37176;08.02.2025;1;761
39348;08.02.2025;1;262
35756;08.02.2025;1;408
37474;08.02.2025;2;552
38918;08.02.2025;5;2 004
5884;08.02.2025;23;9 538
31419;08.02.2025;4;1 659
39705;08.02.2025;7;1 352
37890;07.02.2025;7;4 841
31420;07.02.2025;6;2 488
9429;08.02.2025;5;897
24752;07.02.2025;8;1 822
31167;07.02.2025;7;1 352
32823;07.02.2025;12;2 480
35777;08.02.2025;3;1 318
37932;08.02.2025;1;380
13449;08.02.2025;5;897
17358;08.02.2025;6;1 367
39709;08.02.2025;5;862
30622;08.02.2025;6;4 565
33088;08.02.2025;8;1 434
35309;08.02.2025;3;995
36714;07.02.2025;12;6 056
39345;07.02.2025;3;787
40340;07.02.2025;4;690
40051;07.02.2025;11;3 039
36783;07.02.2025;7;5 326
38816;07.02.2025;7;3 000
40219;07.02.2025;6;1 657
39082;07.02.2025;21;4 783
39027;07.02.2025;4;3 043
30737;07.02.2025;2;1 106
39178;08.02.2025;6;1 450
34245;08.02.2025;8;4 979
32822;08.02.2025;7;1 447
36297;08.02.2025;9;1 766
33886;08.02.2025;9;1 860
37125;08.02.2025;5;1 033
38783;08.02.2025;21;11 616
39294;08.02.2025;2;1 245
38981;08.02.2025;1;296
37076;08.02.2025;25;5 191
37222;08.02.2025;6;2 862
32826;08.02.2025;5;1 033
39295;08.02.2025;8;4 425
17355;08.02.2025;2;456
32824;08.02.2025;6;1 240
34246;08.02.2025;12;8 299
32830;08.02.2025;1;207
36334;08.02.2025;5;2 766
19251;08.02.2025;8;4 037
24609;07.02.2025;5;2 939
37472;08.02.2025;2;552
40049;08.02.2025;2;552
38700;08.02.2025;1;692
40050;07.02.2025;4;1 105
39512;07.02.2025;3;787
11941;08.02.2025;5;3 458
17353;08.02.2025;5;1 139
39029;08.02.2025;5;1 727
38266;08.02.2025;9;1 860
3841;07.02.2025;2;345
37272;08.02.2025;9;5 290
37733;08.02.2025;9;1 766
22223;08.02.2025;7;1 594
1446;08.02.2025;5;3 804
34383;07.02.2025;2;339
38208;08.02.2025;2;483
39827;08.02.2025;5;2 766
30736;07.02.2025;5;3 458
39171;08.02.2025;6;3 734
39607;08.02.2025;4;1 243
33889;07.02.2025;5;1 033
36070;07.02.2025;2;2 892
32828;07.02.2025;4;827
33887;07.02.2025;6;1 240
38646;07.02.2025;6;3 527
17357;07.02.2025;4;911
36780;07.02.2025;2;1 106
17356;07.02.2025;5;1 139
30734;07.02.2025;9;3 732
36071;07.02.2025;1;1 446
27867;07.02.2025;9;4 978
39033;07.02.2025;9;5 601
34620;07.02.2025;9;1 738
22220;07.02.2025;9;2 050
40499;08.02.2025;5;758
9432;08.02.2025;4;717
39232;08.02.2025;13;6 291
35466;08.02.2025;5;1 658
35427;08.02.2025;8;1 359
38267;08.02.2025;9;1 860
35575;08.02.2025;22;13 222
36298;08.02.2025;5;981
39231;08.02.2025;9;4 667
39183;07.02.2025;2;899
37993;08.02.2025;9;2 050
38919;07.02.2025;1;484
40496;07.02.2025;3;1 452
37886;07.02.2025;3;1 140
35440;07.02.2025;1;193
37478;07.02.2025;2;691
39527;07.02.2025;2;1 106
37934;08.02.2025;5;2 073
37930;08.02.2025;9;3 421
34621;08.02.2025;9;1 738
39233;07.02.2025;7;3 630
35515;08.02.2025;9;5 601
36333;08.02.2025;2;857
35433;07.02.2025;3;510
39034;07.02.2025;8;4 148
38209;07.02.2025;4;966
40339;07.02.2025;2;345
39066;07.02.2025;12;4 903
39695;07.02.2025;4;2 766
36782;07.02.2025;1;761
38234;08.02.2025;18;10 580
35308;08.02.2025;6;2 571
35216;08.02.2025;5;2 143
38814;08.02.2025;2;871
39703;08.02.2025;7;1 352
39694;08.02.2025;7;4 841
39026;07.02.2025;1;761
37966;08.02.2025;8;4 425
39174;08.02.2025;2;483
3613;08.02.2025;1;172
27861;08.02.2025;2;1 106
39030;08.02.2025;4;2 351
37476;08.02.2025;6;2 073
37884;07.02.2025;3;1 140
37991;07.02.2025;3;1 131
40787;08.02.2025;2;1 383
39347;08.02.2025;4;1 050
40500;08.02.2025;2;413
17354;07.02.2025;5;1 139
40342;08.02.2025;2;345
39696;08.02.2025;8;5 533
37885;07.02.2025;1;380
38817;08.02.2025;9;3 608
17360;07.02.2025;1;228
35428;07.02.2025;4;679
3612;08.02.2025;9;1 551
38983;08.02.2025;2;1 037
33888;07.02.2025;1;207
37470;07.02.2025;2;1 522
35935;07.02.2025;5;894
39173;07.02.2025;1;242
33089;07.02.2025;1;179
38482;07.02.2025;4;2 074
37179;07.02.2025;1;535
6006;08.02.2025;2;552
36299;07.02.2025;5;981
37300;07.02.2025;5;2 420
33418;07.02.2025;5;862
35402;07.02.2025;6;3 111
37045;07.02.2025;7;1 447
35448;07.02.2025;4;716
38917;07.02.2025;1;692
36069;07.02.2025;1;1 446
38269;07.02.2025;6;1 115
39182;07.02.2025;2;691
37177;08.02.2025;2;1 522
37888;08.02.2025;2;1 383
37471;07.02.2025;1;276
38813;07.02.2025;5;2 177
27850;07.02.2025;12;3 149
33467;07.02.2025;5;1 881
32829;07.02.2025;5;1 033
36307;07.02.2025;3;6 623
33092;07.02.2025;2;359
38002;07.02.2025;2;817
35067;07.02.2025;5;1 033
38784;07.02.2025;6;3 319
32964;07.02.2025;2;1 458
37967;07.02.2025;3;1 140
37475;08.02.2025;28;9 673
39087;08.02.2025;9;5 662
35211;08.02.2025;9;2 827
37044;08.02.2025;9;1 860
37889;08.02.2025;9;6 225
28097;08.02.2025;8;1 159
39296;08.02.2025;78;62 321
13450;08.02.2025;15;2 690
32666;08.02.2025;40;22 126
38815;08.02.2025;46;22 260
36296;08.02.2025;33;6 477
39032;08.02.2025;4;2 074
21995;08.02.2025;4;717
27895;08.02.2025;1;276
40343;08.02.2025;8;1 379
39186;08.02.2025;1;553
37935;08.02.2025;5;2 420
40220;08.02.2025;6;1 657
17331;08.02.2025;2;456
32214;08.02.2025;6;2 696
36295;08.02.2025;9;1 551
36072;08.02.2025;4;5 785
39031;08.02.2025;4;2 074
38699;08.02.2025;7;4 114
39176;08.02.2025;7;1 691
39175;08.02.2025;5;1 208
39187;08.02.2025;13;7 191
38785;08.02.2025;5;2 766
37477;08.02.2025;7;2 418
11007;08.02.2025;1;830
40217;08.02.2025;2;552
9423;08.02.2025;5;897
8675;08.02.2025;9;1 614
39713;08.02.2025;1;172
39061;08.02.2025;2;3 142
39717;08.02.2025;8;1 379
37732;08.02.2025;4;773
30902;08.02.2025;36;19 913
37964;08.02.2025;4;2 351
22219;08.02.2025;4;911
31592;08.02.2025;1;228
37042;08.02.2025;2;289
38645;08.02.2025;4;2 351
37998;08.02.2025;79;21 822
4295;08.02.2025;4;2 351
39826;08.02.2025;3;1 348
39248;08.02.2025;1;380
39230;08.02.2025;5;2 420
37735;08.02.2025;5;897
38235;08.02.2025;6;3 527
37890;08.02.2025;5;5 379
31420;08.02.2025;4;2 580
24752;08.02.2025;6;2 126
31167;08.02.2025;6;1 803
32823;08.02.2025;3;964
36714;08.02.2025;7;5 495
39345;08.02.2025;7;2 857
40340;08.02.2025;4;1 073
40051;08.02.2025;2;552
36783;08.02.2025;5;3 804
38816;08.02.2025;4;2 666
40219;08.02.2025;5;1 381
39082;08.02.2025;5;1 139
39027;08.02.2025;9;6 848
30737;08.02.2025;4;3 442
30736;08.02.2025;6;6 455
33889;08.02.2025;1;321
36070;08.02.2025;2;2 892
32828;08.02.2025;2;413
33887;08.02.2025;3;620
38646;08.02.2025;34;19 984
17357;08.02.2025;8;1 822
36780;08.02.2025;8;4 425
17356;08.02.2025;2;456
27867;08.02.2025;9;4 978
39033;08.02.2025;8;7 745
34620;08.02.2025;8;2 404
39183;08.02.2025;7;4 893
38919;08.02.2025;5;3 764
37886;08.02.2025;6;3 547
37478;08.02.2025;4;2 150
39527;08.02.2025;4;3 442
39233;08.02.2025;2;1 613
35433;08.02.2025;2;528
39034;08.02.2025;9;7 259
38209;08.02.2025;6;2 255
40339;08.02.2025;4;1 073
39066;08.02.2025;5;3 178
39026;08.02.2025;4;4 734
37884;08.02.2025;5;1 900
37991;08.02.2025;6;3 520
17354;08.02.2025;3;1 063
37885;08.02.2025;3;1 774
17360;08.02.2025;3;683
35428;08.02.2025;7;1 189
33888;08.02.2025;9;2 893
37470;08.02.2025;8;9 468
35935;08.02.2025;5;1 391
39173;08.02.2025;5;1 879
33089;08.02.2025;4;717
38482;08.02.2025;5;4 033
37179;08.02.2025;2;1 663
36299;08.02.2025;7;2 137
37045;08.02.2025;7;2 250
35448;08.02.2025;1;179
38269;08.02.2025;5;929
38813;08.02.2025;2;871
33467;08.02.2025;3;1 129
36307;08.02.2025;7;15 454
38002;08.02.2025;4;1 634
38784;08.02.2025;15;8 297
37967;08.02.2025;13;4 941
39296;11.02.2025;3;2 397
13450;11.02.2025;2;359
32666;11.02.2025;1;553
38815;11.02.2025;4;1 936
36296;11.02.2025;7;1 374
39032;11.02.2025;8;4 148
21995;11.02.2025;9;1 614
27895;11.02.2025;9;2 486
40343;11.02.2025;4;690
39186;12.02.2025;4;2 213
37935;12.02.2025;7;3 387
40220;12.02.2025;8;2 210
17331;12.02.2025;5;1 139
39976;11.02.2025;5;3 458
36072;11.02.2025;6;8 677
39031;12.02.2025;6;3 111
38699;11.02.2025;7;4 114
39176;11.02.2025;9;2 175
39175;11.02.2025;2;483
1805;11.02.2025;8;5 533
37477;11.02.2025;2;691
11007;11.02.2025;9;7 471
40217;11.02.2025;4;1 105
9423;12.02.2025;2;359
8675;12.02.2025;2;359
39713;11.02.2025;82;14 135
39717;12.02.2025;1;172
37732;12.02.2025;4;773
30902;11.02.2025;2;1 106
37964;11.02.2025;5;2 939
31592;12.02.2025;66;15 032
38767;11.02.2025;9;3 394
17333;12.02.2025;5;1 139
37996;11.02.2025;8;2 210
37887;11.02.2025;8;3 041
36557;12.02.2025;5;2 247
38538;11.02.2025;4;2 213
38645;11.02.2025;6;3 527
37998;11.02.2025;4;1 105
33419;11.02.2025;12;2 069
4295;12.02.2025;5;2 939
39826;12.02.2025;15;6 740
39248;11.02.2025;8;3 041
40052;12.02.2025;2;552
32215;11.02.2025;8;1 822
39230;12.02.2025;6;2 904
39185;12.02.2025;3;1 659
37735;12.02.2025;1;179
38235;11.02.2025;8;4 702
37176;11.02.2025;8;9 468
39348;12.02.2025;31;12 652
35756;12.02.2025;6;3 812
38918;11.02.2025;2;1 247
37890;11.02.2025;4;2 766
9429;11.02.2025;9;2 510
24752;12.02.2025;5;1 139
32823;12.02.2025;5;1 033
35777;11.02.2025;5;3 416
17358;12.02.2025;25;8 857
30622;11.02.2025;5;5 918
35309;12.02.2025;6;3 095
40340;11.02.2025;8;1 379
40051;12.02.2025;9;2 486
36783;12.02.2025;5;3 804
39082;11.02.2025;3;683
39027;11.02.2025;9;6 848
30737;11.02.2025;8;4 425
39178;11.02.2025;8;3 007
34245;11.02.2025;7;6 777
32822;12.02.2025;5;1 607
36297;11.02.2025;6;1 832
33886;11.02.2025;6;1 929
37125;12.02.2025;1;321
37076;11.02.2025;4;1 292
37222;11.02.2025;4;2 968
32826;11.02.2025;4;1 286
39295;11.02.2025;9;7 744
17355;12.02.2025;67;23 738
32824;11.02.2025;5;1 607
34246;11.02.2025;5;5 379
32830;11.02.2025;8;2 572
36334;11.02.2025;6;5 163
19251;12.02.2025;2;1 570
40049;12.02.2025;4;1 719
38700;12.02.2025;2;2 152
40050;12.02.2025;5;1 381
39512;11.02.2025;6;1 574
17353;11.02.2025;5;1 771
38266;12.02.2025;45;14 465
3841;11.02.2025;5;862
37733;11.02.2025;5;1 526
22223;11.02.2025;5;1 771
1446;11.02.2025;42;49 708
34383;12.02.2025;5;849
38208;12.02.2025;7;2 631
39827;12.02.2025;9;7 744
30736;11.02.2025;4;2 766
39171;11.02.2025;5;4 841
39607;12.02.2025;6;2 901
36070;11.02.2025;5;7 231
32828;11.02.2025;8;1 653
33887;11.02.2025;9;1 860
38646;11.02.2025;9;5 290
17357;12.02.2025;16;3 644
30734;12.02.2025;3;1 244
36071;11.02.2025;5;7 231
27867;11.02.2025;6;3 319
39033;11.02.2025;7;4 357
22220;11.02.2025;4;911
40499;12.02.2025;4;943
39232;12.02.2025;4;3 011
35466;11.02.2025;4;2 063
36298;11.02.2025;7;2 137
39231;12.02.2025;9;7 259
37993;11.02.2025;5;1 139
38919;12.02.2025;12;9 033
40496;11.02.2025;6;2 904
35440;11.02.2025;8;1 545
39527;12.02.2025;1;553
37934;11.02.2025;3;1 244
34621;11.02.2025;13;3 906
35515;12.02.2025;11;6 846
39034;11.02.2025;15;7 778
38209;12.02.2025;18;4 349
39695;12.02.2025;5;3 458
38234;11.02.2025;41;24 098
35216;12.02.2025;4;2 666
39703;12.02.2025;2;601
39694;11.02.2025;44;47 337
39174;12.02.2025;5;1 879
3613;11.02.2025;7;1 877
27861;12.02.2025;5;4 302
37476;12.02.2025;5;2 687
40787;12.02.2025;3;2 075
17354;12.02.2025;6;2 126
39696;12.02.2025;6;6 455
38817;12.02.2025;64;25 654
17360;12.02.2025;5;1 771
37470;12.02.2025;5;3 804
37179;12.02.2025;3;1 604
33418;12.02.2025;1;172
37045;12.02.2025;1;207
35448;12.02.2025;1;179
39182;12.02.2025;6;2 073
37471;12.02.2025;4;1 719
33467;12.02.2025;5;1 881
35067;12.02.2025;5;1 033
37967;12.02.2025;4;1 520
39296;12.02.2025;11;8 789
13450;12.02.2025;3;538
38815;12.02.2025;5;2 420
36296;12.02.2025;7;1 374
27895;12.02.2025;7;1 934
39976;12.02.2025;9;6 225
38699;12.02.2025;6;3 527
39175;12.02.2025;4;966
38785;12.02.2025;4;2 213
11007;12.02.2025;11;9 131
39713;12.02.2025;5;862
30902;12.02.2025;25;13 829
22219;12.02.2025;5;1 139
37887;12.02.2025;16;6 081
37998;12.02.2025;17;4 696
39248;12.02.2025;8;3 041
37176;12.02.2025;41;31 195
5884;12.02.2025;1;415
37890;12.02.2025;7;4 841
31167;12.02.2025;8;1 545
37932;12.02.2025;8;3 041
33088;12.02.2025;8;1 434
39345;12.02.2025;9;2 361
40219;12.02.2025;6;2 578
39082;12.02.2025;4;1 417
30737;12.02.2025;4;3 442
34245;12.02.2025;1;968
33886;12.02.2025;1;207
38783;12.02.2025;1;860
39294;12.02.2025;2;1 245
38981;12.02.2025;5;1 479
37076;12.02.2025;7;1 453
32824;12.02.2025;8;2 572
37472;12.02.2025;5;1 381
3841;12.02.2025;8;1 379
1446;12.02.2025;8;6 087
39171;12.02.2025;6;5 809
33887;12.02.2025;7;2 250
17356;12.02.2025;9;3 189
39033;12.02.2025;7;6 777
34620;12.02.2025;2;601
35466;12.02.2025;2;1 032
39183;12.02.2025;9;4 044
35440;12.02.2025;8;1 545
34621;12.02.2025;6;1 803
39233;12.02.2025;9;7 259
39034;12.02.2025;7;5 646
36782;12.02.2025;2;1 522
39694;12.02.2025;7;7 531
3613;12.02.2025;6;1 034
39030;12.02.2025;9;5 290
40500;12.02.2025;8;1 653
35428;12.02.2025;7;1 189
33888;12.02.2025;31;6 406
33089;12.02.2025;1;279
37300;12.02.2025;14;10 539
36069;12.02.2025;19;42 744
37177;12.02.2025;8;9 468
32829;12.02.2025;12;2 480
38002;12.02.2025;7;4 449
37475;12.02.2025;7;2 418
39087;12.02.2025;7;6 850
28097;12.02.2025;7;1 014
39296;18.02.2025;44;35 156
13450;18.02.2025;2;359
32666;18.02.2025;1;553
38815;18.02.2025;1;484
36296;19.02.2025;1;196
27895;18.02.2025;4;1 105
40343;18.02.2025;4;690
32214;19.02.2025;1;449
36295;18.02.2025;6;1 034
36072;18.02.2025;7;10 124
38699;19.02.2025;2;1 176
39176;19.02.2025;14;3 383
39175;18.02.2025;12;2 899
38785;18.02.2025;11;6 085
37477;18.02.2025;1;345
11007;19.02.2025;1;830
39713;18.02.2025;5;862
30902;18.02.2025;2;1 106
37964;19.02.2025;15;8 816
37996;18.02.2025;2;552
22217;19.02.2025;7;1 594
38538;18.02.2025;55;30 423
38645;19.02.2025;1;588
33419;18.02.2025;5;862
8673;19.02.2025;5;897
32215;18.02.2025;4;911
37176;19.02.2025;5;3 804
38918;18.02.2025;5;2 004
5884;19.02.2025;21;8 708
39705;18.02.2025;7;1 352
37890;19.02.2025;5;3 458
9429;18.02.2025;5;897
31167;19.02.2025;1;193
35777;19.02.2025;4;1 757
13449;18.02.2025;8;1 434
30622;19.02.2025;6;4 565
36714;18.02.2025;5;2 523
39345;19.02.2025;9;2 361
40340;19.02.2025;7;1 877
40219;18.02.2025;8;3 438
39082;19.02.2025;9;3 189
30737;19.02.2025;1;860
39178;18.02.2025;16;6 014
36297;19.02.2025;13;2 551
33886;18.02.2025;4;827
38981;18.02.2025;2;591
37076;18.02.2025;1;208
37222;19.02.2025;16;11 872
32826;18.02.2025;51;16 394
32824;18.02.2025;16;5 143
32830;19.02.2025;14;4 500
36334;18.02.2025;5;4 302
24609;18.02.2025;5;4 571
37472;19.02.2025;4;1 105
17353;18.02.2025;7;1 594
39029;19.02.2025;16;5 527
3841;18.02.2025;8;1 379
22223;19.02.2025;4;911
1446;18.02.2025;8;6 087
30736;18.02.2025;8;8 607
39171;18.02.2025;8;7 745
36070;18.02.2025;4;8 999
32828;19.02.2025;4;1 286
33887;19.02.2025;7;2 250
38646;18.02.2025;5;4 571
17356;19.02.2025;7;2 480
36071;18.02.2025;5;11 248
27867;19.02.2025;7;6 023
39033;18.02.2025;5;4 841
34620;19.02.2025;5;1 502
22220;19.02.2025;4;1 417
9432;18.02.2025;4;1 116
35427;19.02.2025;8;2 114
38267;18.02.2025;13;4 179
39183;19.02.2025;9;4 044
37993;18.02.2025;6;2 126
35440;19.02.2025;7;1 352
37478;18.02.2025;8;2 764
37930;19.02.2025;17;10 051
34621;18.02.2025;7;2 103
36333;18.02.2025;7;3 000
39034;19.02.2025;9;7 259
40339;18.02.2025;9;2 413
36782;18.02.2025;4;3 043
38234;19.02.2025;1;914
39694;18.02.2025;5;5 379
39026;19.02.2025;4;4 734
3613;18.02.2025;4;690
39030;18.02.2025;54;31 739
37884;19.02.2025;4;1 520
37991;19.02.2025;4;1 508
39347;19.02.2025;9;2 361
40500;18.02.2025;5;1 033
37885;19.02.2025;9;3 421
35428;18.02.2025;4;679
3612;19.02.2025;4;690
38983;18.02.2025;1;519
33888;18.02.2025;9;1 860
35935;19.02.2025;1;179
33089;19.02.2025;3;837
38482;18.02.2025;56;45 170
6006;18.02.2025;4;1 719
36299;19.02.2025;4;1 221
37300;19.02.2025;7;5 269
35402;19.02.2025;2;1 613
36069;18.02.2025;5;11 248
37177;19.02.2025;2;2 367
37888;18.02.2025;7;4 841
38813;19.02.2025;2;871
27850;19.02.2025;8;2 099
32829;18.02.2025;7;1 447
36307;18.02.2025;7;15 454
33092;18.02.2025;6;1 076
38784;19.02.2025;17;14 628
32964;18.02.2025;2;2 268
35211;18.02.2025;4;1 954
37044;19.02.2025;1;207
28097;18.02.2025;7;1 014
39296;23.02.2025;12;9 588
13450;23.02.2025;3;538
32666;23.02.2025;3;1 659
36296;23.02.2025;4;785
27895;23.02.2025;5;1 381
40343;23.02.2025;2;345
39186;23.02.2025;25;13 829
37935;23.02.2025;2;968
40220;23.02.2025;5;1 381
17331;23.02.2025;64;14 577
32214;23.02.2025;3;1 348
36295;23.02.2025;6;1 034
39976;23.02.2025;7;4 841
17328;23.02.2025;3;683
39176;23.02.2025;6;1 450
39175;23.02.2025;7;1 691
1805;23.02.2025;74;51 179
11007;23.02.2025;4;3 320
40217;23.02.2025;6;1 657
9423;23.02.2025;8;1 434
8675;23.02.2025;86;15 420
39061;23.02.2025;6;9 425
37732;23.02.2025;6;1 159
30902;23.02.2025;3;1 659
37964;23.02.2025;5;2 939
22219;23.02.2025;55;12 527
38767;23.02.2025;6;2 263
17333;23.02.2025;6;1 367
37996;23.02.2025;8;2 210
22217;23.02.2025;8;1 822
37887;23.02.2025;33;12 542
38538;23.02.2025;5;2 766
37042;23.02.2025;7;1 010
33419;23.02.2025;12;2 069
4295;23.02.2025;46;27 037
39248;23.02.2025;4;1 520
40052;23.02.2025;2;552
8673;23.02.2025;1;179
32215;23.02.2025;14;3 189
39230;23.02.2025;4;1 936
39185;23.02.2025;46;25 445
37735;23.02.2025;8;1 434
38235;23.02.2025;5;2 939
39348;23.02.2025;2;816
35756;23.02.2025;4;2 542
37474;23.02.2025;2;859
38918;23.02.2025;11;6 859
31419;23.02.2025;1;645
39705;23.02.2025;1;300
37890;23.02.2025;23;15 907
31420;23.02.2025;4;1 659
9429;23.02.2025;4;1 116
32823;23.02.2025;6;1 240
37932;23.02.2025;3;1 774
13449;23.02.2025;5;1 395
17358;23.02.2025;3;1 063
30622;23.02.2025;6;7 101
36714;23.02.2025;6;3 028
39345;23.02.2025;3;787
40340;23.02.2025;3;517
36783;23.02.2025;7;5 326
40219;23.02.2025;3;829
39082;23.02.2025;6;1 367
39027;23.02.2025;7;5 326
30737;23.02.2025;3;1 659
33886;23.02.2025;53;17 037
38783;23.02.2025;2;1 721
38981;23.02.2025;6;2 760
32826;23.02.2025;3;964
39295;23.02.2025;5;4 302
17355;23.02.2025;6;2 126
34246;23.02.2025;11;11 834
36334;23.02.2025;4;3 442
19251;23.02.2025;4;3 140
24609;23.02.2025;1;588
40050;23.02.2025;34;9 392
39029;23.02.2025;1;537
37272;23.02.2025;11;10 057
1446;23.02.2025;4;4 734
34383;23.02.2025;4;679
39827;23.02.2025;1;860
30736;23.02.2025;1;692
39171;23.02.2025;3;2 904
33889;23.02.2025;4;827
32828;23.02.2025;66;13 639
38646;23.02.2025;7;4 114
17357;23.02.2025;4;911
36780;23.02.2025;2;1 106
36071;23.02.2025;33;47 726
39033;23.02.2025;1;622
22220;23.02.2025;4;911
40499;23.02.2025;5;1 179
9432;23.02.2025;7;1 952
39232;23.02.2025;4;3 011
35466;23.02.2025;1;516
38267;23.02.2025;22;7 072
39231;23.02.2025;5;4 033
39183;23.02.2025;3;1 348
38919;23.02.2025;1;484
40496;23.02.2025;2;968
37886;23.02.2025;4;1 520
37478;23.02.2025;5;1 727
39527;23.02.2025;5;2 766
37934;23.02.2025;7;4 515
37930;23.02.2025;7;4 139
34621;23.02.2025;14;4 206
35515;23.02.2025;4;3 873
36333;23.02.2025;6;4 000
39034;23.02.2025;22;11 408
40339;23.02.2025;19;3 275
39695;23.02.2025;13;8 991
35308;23.02.2025;31;20 665
38814;23.02.2025;12;8 129
39694;23.02.2025;3;3 228
39174;23.02.2025;21;7 893
3613;23.02.2025;5;1 341
39030;23.02.2025;6;5 486
37476;23.02.2025;8;4 299
37884;23.02.2025;8;3 041
37991;23.02.2025;4;1 508
40787;23.02.2025;2;2 152
17354;23.02.2025;4;911
40342;23.02.2025;5;1 341
39696;23.02.2025;7;7 531
38817;23.02.2025;8;4 988
3612;23.02.2025;3;804
33888;23.02.2025;2;413
35935;23.02.2025;6;1 073
33089;23.02.2025;8;1 434
6006;23.02.2025;3;1 289
36299;23.02.2025;3;589
37300;23.02.2025;3;1 452
35402;23.02.2025;6;3 111
35448;23.02.2025;3;537
38917;23.02.2025;2;1 383
39182;23.02.2025;6;2 073
37177;23.02.2025;2;2 367
37471;23.02.2025;1;276
27850;23.02.2025;11;2 886
32829;23.02.2025;14;2 893
33092;23.02.2025;13;2 331
35067;23.02.2025;2;413
38784;23.02.2025;11;6 085
37967;23.02.2025;7;2 660
37475;23.02.2025;5;2 687
35211;23.02.2025;3;1 466
37044;23.02.2025;5;1 607
37889;23.02.2025;8;8 607
28097;23.02.2025;12;2 705
40343;25.02.2025;1;268
40339;25.02.2025;12;2 069
40217;25.02.2025;1;276
3613;24.02.2025;1;172
3841;24.02.2025;3;632
4295;24.02.2025;13;7 641
40051;25.02.2025;4;1 105
40050;25.02.2025;13;3 591
40049;25.02.2025;4;1 105
40499;24.02.2025;2;303
39827;25.02.2025;3;1 659
39527;24.02.2025;2;1 352
39345;24.02.2025;8;2 565
39231;24.02.2025;2;1 268
39230;24.02.2025;2;1 183
13449;24.02.2025;4;717
39174;24.02.2025;5;1 477
39826;25.02.2025;6;2 696
39713;25.02.2025;9;1 551
39705;25.02.2025;11;2 125
38917;24.02.2025;2;1 383
38814;24.02.2025;2;871
39696;25.02.2025;12;8 299
17356;24.02.2025;7;1 594
17357;24.02.2025;6;1 367
38699;24.02.2025;2;1 437
38267;24.02.2025;2;413
19251;24.02.2025;4;2 019
37967;24.02.2025;2;760
39695;25.02.2025;21;14 524
22219;24.02.2025;1;228
39512;25.02.2025;1;262
39348;25.02.2025;3;787
39296;25.02.2025;9;4 978
39294;25.02.2025;8;4 979
27850;24.02.2025;3;962
27861;24.02.2025;4;2 213
37886;24.02.2025;2;929
37477;24.02.2025;2;691
28097;24.02.2025;3;531
30622;24.02.2025;9;6 848
39248;25.02.2025;7;2 660
39232;25.02.2025;3;1 452
39187;25.02.2025;2;1 106
39183;25.02.2025;11;4 942
36298;24.02.2025;5;981
31419;24.02.2025;3;1 521
39182;25.02.2025;2;691
39176;25.02.2025;31;7 490
36296;24.02.2025;2;393
39173;25.02.2025;21;5 074
39082;25.02.2025;3;683
32822;24.02.2025;1;207
32823;24.02.2025;1;207
39032;25.02.2025;3;1 556
39030;25.02.2025;2;1 176
39029;25.02.2025;4;1 382
39026;25.02.2025;6;4 565
32830;24.02.2025;34;7 026
38983;25.02.2025;7;5 646
33088;24.02.2025;9;2 510
36295;24.02.2025;2;421
33092;24.02.2025;1;279
33418;24.02.2025;1;268
38981;25.02.2025;8;3 680
38918;25.02.2025;3;1 871
33886;24.02.2025;1;321
36071;24.02.2025;8;11 570
33888;24.02.2025;44;9 092
33889;24.02.2025;13;4 179
34245;24.02.2025;11;6 846
38815;25.02.2025;9;4 355
34383;24.02.2025;12;2 037
38813;25.02.2025;11;7 451
38783;25.02.2025;1;860
38767;25.02.2025;3;1 760
38700;25.02.2025;5;5 379
35216;24.02.2025;45;29 997
38538;25.02.2025;8;6 884
38269;25.02.2025;2;578
38235;25.02.2025;3;2 743
37998;25.02.2025;4;1 105
35428;24.02.2025;6;1 019
35433;24.02.2025;1;170
37991;25.02.2025;6;2 263
35448;24.02.2025;4;716
37966;25.02.2025;11;6 085
36070;24.02.2025;5;7 231
37935;25.02.2025;35;16 937
37932;25.02.2025;4;1 520
35935;24.02.2025;25;4 472
36069;24.02.2025;1;2 250
35515;24.02.2025;2;1 521
33887;24.02.2025;2;505
36072;24.02.2025;7;15 748
33089;24.02.2025;5;1 395
32214;24.02.2025;2;1 398
36297;24.02.2025;1;305
31167;24.02.2025;2;472
36299;24.02.2025;1;305
37890;25.02.2025;21;22 593
37889;25.02.2025;9;9 683
36334;24.02.2025;1;860
36557;24.02.2025;12;8 387
37887;25.02.2025;8;4 730
37885;25.02.2025;7;4 139
36782;24.02.2025;1;1 184
36783;24.02.2025;21;24 854
37735;25.02.2025;4;1 116
37044;24.02.2025;4;1 286
37045;24.02.2025;4;827
37733;25.02.2025;1;305
37732;25.02.2025;2;601
37176;24.02.2025;22;26 038
37478;25.02.2025;4;1 382
37472;25.02.2025;6;1 657
37222;24.02.2025;14;10 388
37471;25.02.2025;8;3 438
37470;25.02.2025;8;9 468
37300;25.02.2025;9;6 775
37272;25.02.2025;4;2 351
37179;25.02.2025;62;51 559
37474;24.02.2025;1;430
37475;24.02.2025;1;537
37476;24.02.2025;3;1 267
27895;24.02.2025;2;552
37177;25.02.2025;4;4 734
37125;25.02.2025;6;1 929
37076;25.02.2025;4;831
37042;25.02.2025;1;225
37884;24.02.2025;3;1 394
36780;25.02.2025;36;19 913
27867;24.02.2025;8;4 425
36714;25.02.2025;4;2 019
37888;24.02.2025;3;2 536
36333;25.02.2025;7;3 000
36307;25.02.2025;9;19 870
37930;24.02.2025;6;2 280
35777;25.02.2025;5;2 196
37934;24.02.2025;24;9 952
35756;25.02.2025;3;1 225
37964;24.02.2025;4;2 351
35466;25.02.2025;1;332
21995;24.02.2025;2;359
35440;25.02.2025;6;1 159
37993;24.02.2025;1;354
37996;24.02.2025;6;2 578
35427;25.02.2025;9;2 378
38002;24.02.2025;1;636
38208;24.02.2025;3;886
38209;24.02.2025;6;2 255
38234;24.02.2025;3;2 155
35402;25.02.2025;5;4 033
38266;24.02.2025;1;207
17360;24.02.2025;2;709
35309;25.02.2025;2;663
38482;24.02.2025;1;519
35308;25.02.2025;1;429
38645;24.02.2025;15;8 816
38646;24.02.2025;6;3 527
17358;24.02.2025;5;1 139
35211;25.02.2025;47;22 964
35067;25.02.2025;6;1 929
34621;25.02.2025;7;2 103
38784;24.02.2025;4;2 213
38785;24.02.2025;63;54 209
34620;25.02.2025;2;601
17354;24.02.2025;2;456
34246;25.02.2025;6;4 150
38816;24.02.2025;3;1 571
38817;24.02.2025;6;2 405
17353;24.02.2025;2;456
33467;25.02.2025;82;30 848
38919;24.02.2025;4;1 936
33419;25.02.2025;4;1 073
32964;25.02.2025;2;2 268
32829;25.02.2025;6;1 929
39027;24.02.2025;66;78 113
32828;25.02.2025;9;2 893
32826;25.02.2025;4;1 286
39031;24.02.2025;3;1 901
32824;25.02.2025;1;321
39033;24.02.2025;31;30 012
39034;24.02.2025;3;1 901
39061;24.02.2025;6;14 661
39066;24.02.2025;4;2 542
32666;25.02.2025;9;7 744
39087;24.02.2025;1;629
39171;24.02.2025;1;622
32215;25.02.2025;6;2 126
13450;24.02.2025;5;1 096
39175;24.02.2025;4;1 503
31592;25.02.2025;2;456
39178;24.02.2025;3;886
31420;25.02.2025;1;645
30902;25.02.2025;2;1 106
39185;24.02.2025;3;2 028
39186;24.02.2025;4;2 213
30737;25.02.2025;3;1 659
11941;24.02.2025;5;5 379
11007;24.02.2025;5;6 456
30736;25.02.2025;45;31 123
39233;24.02.2025;1;519
30734;25.02.2025;7;2 903
24752;25.02.2025;2;456
39295;24.02.2025;1;553
24609;25.02.2025;1;588
9432;24.02.2025;5;1 096
39347;24.02.2025;1;408
22223;25.02.2025;9;2 050
22220;25.02.2025;62;14 121
9429;24.02.2025;5;897
39607;24.02.2025;3;1 140
39694;24.02.2025;1;692
22217;25.02.2025;2;456
17355;25.02.2025;4;911
39703;24.02.2025;1;193
17333;25.02.2025;2;456
39709;24.02.2025;6;1 034
17331;25.02.2025;1;354
39717;24.02.2025;1;268
17328;25.02.2025;36;8 199
9423;25.02.2025;6;1 076
39976;24.02.2025;46;31 814
8673;25.02.2025;3;538
6006;25.02.2025;2;552
5884;25.02.2025;2;829
40052;24.02.2025;1;276
3612;25.02.2025;6;1 034
40219;24.02.2025;14;3 867
40220;24.02.2025;1;276
1805;25.02.2025;4;2 766
40340;24.02.2025;7;1 207
40342;24.02.2025;4;1 073
1446;25.02.2025;2;2 367
40496;24.02.2025;6;4 517
8675;24.02.2025;2;558
40500;24.02.2025;4;1 286
40787;24.02.2025;6;6 455
40343;26.02.2025;12;3 218
40339;26.02.2025;1;172
3841;26.02.2025;4;843
4295;26.02.2025;6;3 527
40051;26.02.2025;2;552
40050;26.02.2025;5;1 381
40049;26.02.2025;4;1 105
40499;26.02.2025;11;1 668
39827;26.02.2025;1;553
39345;26.02.2025;4;1 283
39230;26.02.2025;7;4 140
13449;26.02.2025;4;717
39826;26.02.2025;7;3 145
39705;26.02.2025;21;4 056
38814;26.02.2025;3;1 306
38699;26.02.2025;4;2 874
38267;26.02.2025;6;1 240
22219;26.02.2025;6;1 367
39512;26.02.2025;8;2 099
39348;26.02.2025;8;2 099
37886;26.02.2025;12;5 574
30622;26.02.2025;8;6 087
39187;26.02.2025;46;25 445
39183;26.02.2025;8;3 595
31419;26.02.2025;9;4 562
39182;26.02.2025;1;345
36296;26.02.2025;3;589
32823;26.02.2025;6;1 240
39026;26.02.2025;8;6 087
32830;26.02.2025;5;1 033
36295;26.02.2025;3;632
38981;26.02.2025;4;1 840
33888;26.02.2025;7;1 447
38815;26.02.2025;8;3 871
38783;26.02.2025;5;4 302
35216;26.02.2025;43;28 664
35428;26.02.2025;6;1 019
35448;26.02.2025;2;358
37932;26.02.2025;8;3 041
35935;26.02.2025;2;358
35515;26.02.2025;2;1 521
36072;26.02.2025;5;11 248
36297;26.02.2025;1;305
31167;26.02.2025;2;472
37889;26.02.2025;5;5 379
36334;26.02.2025;2;1 721
36783;26.02.2025;4;4 734
37045;26.02.2025;5;1 033
37733;26.02.2025;2;611
37176;26.02.2025;5;5 918
37478;26.02.2025;2;691
37470;26.02.2025;3;3 551
37474;26.02.2025;4;1 719
27895;26.02.2025;4;1 105
37076;26.02.2025;2;415
36780;26.02.2025;5;2 766
37888;26.02.2025;3;2 536
35777;26.02.2025;6;2 635
37934;26.02.2025;11;4 562
35466;26.02.2025;2;663
21995;26.02.2025;31;5 559
37996;26.02.2025;3;1 289
38002;26.02.2025;5;3 178
38234;26.02.2025;2;1 437
38266;26.02.2025;57;11 779
38482;26.02.2025;8;4 148
38645;26.02.2025;6;3 527
35067;26.02.2025;11;3 536
38784;26.02.2025;17;9 404
17354;26.02.2025;2;456
38817;26.02.2025;7;2 806
33467;26.02.2025;9;3 386
33419;26.02.2025;13;3 486
39027;26.02.2025;1;1 184
32828;26.02.2025;4;1 286
32826;26.02.2025;2;643
32824;26.02.2025;3;964
39061;26.02.2025;5;12 218
39066;26.02.2025;6;3 814
32215;26.02.2025;15;5 314
13450;26.02.2025;7;1 534
31592;26.02.2025;11;2 505
39178;26.02.2025;7;2 067
30902;26.02.2025;5;2 766
39185;26.02.2025;6;4 056
39186;26.02.2025;8;4 425
30737;26.02.2025;9;4 978
11007;26.02.2025;3;3 874
30736;26.02.2025;1;692
30734;26.02.2025;1;415
24752;26.02.2025;3;683
39295;26.02.2025;14;7 744
9432;26.02.2025;1;219
39347;26.02.2025;4;1 633
22217;26.02.2025;4;911
17355;26.02.2025;2;456
39717;26.02.2025;4;1 073
9423;26.02.2025;5;897
8673;26.02.2025;1;179
6006;26.02.2025;4;1 105
1446;26.02.2025;4;4 734
40787;26.02.2025;15;16 138